pendigits,ID3,test,4,NANOSECONDS,PREDICTIONS, Generated by ClassifierExperiments.java on 2022-05-15 19:29:51.    SYSTEMPROPERTIES:{user.name:matth,os.arch:amd64,os.name:Windows 10},ENDSYSTEMPROPERTIES
No parameter info
0.3961835529304861,296773100,465000,-1,37900400,10,,-1,-1
0,0,,0,0,0,0,0,0,0,0,0,0,,700,,
0,0,,1,0,0,0,0,0,0,0,0,0,,400,,
0,0,,1,0,0,0,0,0,0,0,0,0,,600,,
0,0,,1,0,0,0,0,0,0,0,0,0,,100,,
0,0,,0,0,0,0,0,0,0,0,0,0,,500,,
0,0,,0,0,0,0,0,0,0,0,0,0,,800,,
0,0,,0,0,0,0,0,0,0,0,0,0,,700,,
0,0,,1,0,0,0,0,0,0,0,0,0,,300,,
0,0,,1,0,0,0,0,0,0,0,0,0,,600,,
0,0,,0,0,0,0,0,0,0,0,0,0,,200,,
0,0,,0,0,0,0,0,0,0,0,0,0,,900,,
0,0,,0,0,0,0,0,0,0,0,0,0,,600,,
0,0,,1,0,0,0,0,0,0,0,0,0,,400,,
0,0,,0,0,0,0,0,0,0,0,0,0,,1000,,
0,0,,1,0,0,0,0,0,0,0,0,0,,100,,
0,0,,1,0,0,0,0,0,0,0,0,0,,100,,
0,0,,1,0,0,0,0,0,0,0,0,0,,100,,
0,0,,1,0,0,0,0,0,0,0,0,0,,0,,
0,0,,0,0,0,0,0,0,0,0,0,0,,600,,
0,0,,1,0,0,0,0,0,0,0,0,0,,200,,
0,0,,1,0,0,0,0,0,0,0,0,0,,100,,
0,0,,0,0,0,0,0,0,0,0,0,0,,500,,
0,0,,1,0,0,0,0,0,0,0,0,0,,100,,
0,9,,0,0,0,0,0,0,0,0,0,1,,300,,
0,0,,0,0,0,0,0,0,0,0,0,0,,500,,
0,0,,1,0,0,0,0,0,0,0,0,0,,0,,
0,0,,1,0,0,0,0,0,0,0,0,0,,100,,
0,0,,0,0,0,0,0,0,0,0,0,0,,300,,
0,0,,1,0,0,0,0,0,0,0,0,0,,100,,
0,0,,1,0,0,0,0,0,0,0,0,0,,100,,
0,0,,1,0,0,0,0,0,0,0,0,0,,100,,
0,0,,1,0,0,0,0,0,0,0,0,0,,200,,
0,0,,1,0,0,0,0,0,0,0,0,0,,100,,
0,0,,0,0,0,0,0,0,0,0,0,0,,400,,
0,0,,1,0,0,0,0,0,0,0,0,0,,100,,
0,0,,0,0,0,0,0,0,0,0,0,0,,800,,
0,0,,0,0,0,0,0,0,0,0,0,0,,400,,
0,0,,0,0,0,0,0,0,0,0,0,0,,100,,
0,0,,1,0,0,0,0,0,0,0,0,0,,100,,
0,0,,1,0,0,0,0,0,0,0,0,0,,100,,
0,0,,1,0,0,0,0,0,0,0,0,0,,0,,
0,0,,1,0,0,0,0,0,0,0,0,0,,300,,
0,0,,1,0,0,0,0,0,0,0,0,0,,500,,
0,0,,0,0,0,0,0,0,0,0,0,0,,300,,
0,0,,1,0,0,0,0,0,0,0,0,0,,100,,
0,0,,1,0,0,0,0,0,0,0,0,0,,300,,
0,0,,0,0,0,0,0,0,0,0,0,0,,600,,
0,0,,1,0,0,0,0,0,0,0,0,0,,100,,
0,0,,1,0,0,0,0,0,0,0,0,0,,0,,
0,0,,1,0,0,0,0,0,0,0,0,0,,100,,
0,0,,1,0,0,0,0,0,0,0,0,0,,100,,
0,0,,1,0,0,0,0,0,0,0,0,0,,400,,
0,0,,0,0,0,0,0,0,0,0,0,0,,300,,
0,0,,0,0,0,0,0,0,0,0,0,0,,700,,
0,0,,0,0,0,0,0,0,0,0,0,0,,200,,
0,0,,0,0,0,0,0,0,0,0,0,0,,800,,
0,0,,1,0,0,0,0,0,0,0,0,0,,100,,
0,0,,1,0,0,0,0,0,0,0,0,0,,0,,
0,0,,0,0,0,0,0,0,0,0,0,0,,200,,
0,0,,0,0,0,0,0,0,0,0,0,0,,300,,
0,0,,1,0,0,0,0,0,0,0,0,0,,0,,
0,0,,1,0,0,0,0,0,0,0,0,0,,100,,
0,0,,0,0,0,0,0,0,0,0,0,0,,100,,
0,0,,1,0,0,0,0,0,0,0,0,0,,0,,
0,0,,1,0,0,0,0,0,0,0,0,0,,100,,
0,0,,0,0,0,0,0,0,0,0,0,0,,700,,
0,0,,1,0,0,0,0,0,0,0,0,0,,100,,
0,0,,0,0,0,0,0,0,0,0,0,0,,500,,
0,0,,0,0,0,0,0,0,0,0,0,0,,200,,
0,0,,1,0,0,0,0,0,0,0,0,0,,100,,
0,0,,1,0,0,0,0,0,0,0,0,0,,0,,
0,0,,0,0,0,0,0,0,0,0,0,0,,200,,
0,0,,1,0,0,0,0,0,0,0,0,0,,200,,
0,0,,1,0,0,0,0,0,0,0,0,0,,200,,
0,0,,1,0,0,0,0,0,0,0,0,0,,200,,
0,0,,1,0,0,0,0,0,0,0,0,0,,0,,
0,0,,1,0,0,0,0,0,0,0,0,0,,0,,
0,0,,1,0,0,0,0,0,0,0,0,0,,100,,
0,0,,0,0,0,0,0,0,0,0,0,0,,400,,
0,0,,0,0,0,0,0,0,0,0,0,0,,200,,
0,0,,0,0,0,0,0,0,0,0,0,0,,700,,
0,0,,1,0,0,0,0,0,0,0,0,0,,500,,
0,0,,0,0,0,0,0,0,0,0,0,0,,0,,
0,0,,0,0,0,0,0,0,0,0,0,0,,600,,
0,0,,1,0,0,0,0,0,0,0,0,0,,700,,
0,0,,1,0,0,0,0,0,0,0,0,0,,100,,
0,0,,1,0,0,0,0,0,0,0,0,0,,100,,
0,0,,0,0,0,0,0,0,0,0,0,0,,200,,
0,0,,0,0,0,0,0,0,0,0,0,0,,800,,
0,0,,1,0,0,0,0,0,0,0,0,0,,200,,
0,0,,0,0,0,0,0,0,0,0,0,0,,100,,
0,0,,0,0,0,0,0,0,0,0,0,0,,600,,
0,0,,1,0,0,0,0,0,0,0,0,0,,100,,
0,0,,0,0,0,0,0,0,0,0,0,0,,400,,
0,0,,0,0,0,0,0,0,0,0,0,0,,100,,
0,0,,1,0,0,0,0,0,0,0,0,0,,100,,
0,0,,0,0,0,0,0,0,0,0,0,0,,200,,
0,0,,0,0,0,0,0,0,0,0,0,0,,700,,
0,0,,1,0,0,0,0,0,0,0,0,0,,100,,
0,0,,0,0,0,0,0,0,0,0,0,0,,800,,
0,0,,1,0,0,0,0,0,0,0,0,0,,0,,
0,0,,1,0,0,0,0,0,0,0,0,0,,100,,
0,0,,1,0,0,0,0,0,0,0,0,0,,0,,
0,0,,1,0,0,0,0,0,0,0,0,0,,0,,
0,0,,1,0,0,0,0,0,0,0,0,0,,200,,
0,0,,1,0,0,0,0,0,0,0,0,0,,1300,,
0,0,,0,0,0,0,0,0,0,0,0,0,,400,,
0,0,,1,0,0,0,0,0,0,0,0,0,,100,,
0,0,,1,0,0,0,0,0,0,0,0,0,,0,,
0,0,,1,0,0,0,0,0,0,0,0,0,,100,,
0,0,,1,0,0,0,0,0,0,0,0,0,,0,,
0,0,,1,0,0,0,0,0,0,0,0,0,,100,,
0,8,,0,0,0,0,0,0,0,0,1,0,,400,,
0,0,,0,0,0,0,0,0,0,0,0,0,,100,,
0,0,,0,0,0,0,0,0,0,0,0,0,,200,,
0,0,,0,0,0,0,0,0,0,0,0,0,,0,,
0,0,,1,0,0,0,0,0,0,0,0,0,,0,,
0,0,,1,0,0,0,0,0,0,0,0,0,,100,,
0,0,,1,0,0,0,0,0,0,0,0,0,,100,,
0,0,,1,0,0,0,0,0,0,0,0,0,,0,,
0,0,,1,0,0,0,0,0,0,0,0,0,,200,,
0,0,,0,0,0,0,0,0,0,0,0,0,,100,,
0,0,,0,0,0,0,0,0,0,0,0,0,,200,,
0,0,,0,0,0,0,0,0,0,0,0,0,,100,,
0,0,,1,0,0,0,0,0,0,0,0,0,,200,,
0,0,,0,0,0,0,0,0,0,0,0,0,,200,,
0,0,,1,0,0,0,0,0,0,0,0,0,,100,,
0,0,,0,0,0,0,0,0,0,0,0,0,,1200,,
0,0,,1,0,0,0,0,0,0,0,0,0,,300,,
0,0,,1,0,0,0,0,0,0,0,0,0,,0,,
0,0,,0,0,0,0,0,0,0,0,0,0,,200,,
0,0,,1,0,0,0,0,0,0,0,0,0,,100,,
0,0,,1,0,0,0,0,0,0,0,0,0,,100,,
0,0,,1,0,0,0,0,0,0,0,0,0,,100,,
0,0,,0,0,0,0,0,0,0,0,0,0,,100,,
0,0,,1,0,0,0,0,0,0,0,0,0,,0,,
0,0,,0,0,0,0,0,0,0,0,0,0,,300,,
0,0,,1,0,0,0,0,0,0,0,0,0,,100,,
0,0,,1,0,0,0,0,0,0,0,0,0,,100,,
0,0,,0,0,0,0,0,0,0,0,0,0,,300,,
0,0,,1,0,0,0,0,0,0,0,0,0,,100,,
0,0,,1,0,0,0,0,0,0,0,0,0,,100,,
0,0,,1,0,0,0,0,0,0,0,0,0,,0,,
0,0,,0,0,0,0,0,0,0,0,0,0,,100,,
0,0,,1,0,0,0,0,0,0,0,0,0,,100,,
0,0,,1,0,0,0,0,0,0,0,0,0,,0,,
0,0,,0,0,0,0,0,0,0,0,0,0,,300,,
0,0,,1,0,0,0,0,0,0,0,0,0,,100,,
0,0,,1,0,0,0,0,0,0,0,0,0,,0,,
0,0,,1,0,0,0,0,0,0,0,0,0,,100,,
0,0,,0,0,0,0,0,0,0,0,0,0,,300,,
0,8,,0,0,0,0,0,0,0,0,1,0,,200,,
0,0,,1,0,0,0,0,0,0,0,0,0,,0,,
0,0,,0,0,0,0,0,0,0,0,0,0,,200,,
0,0,,1,0,0,0,0,0,0,0,0,0,,0,,
0,0,,1,0,0,0,0,0,0,0,0,0,,0,,
0,0,,0,0,0,0,0,0,0,0,0,0,,100,,
0,0,,1,0,0,0,0,0,0,0,0,0,,100,,
0,0,,1,0,0,0,0,0,0,0,0,0,,100,,
0,8,,0,0,0,0,0,0,0,0,1,0,,100,,
0,0,,1,0,0,0,0,0,0,0,0,0,,200,,
0,0,,0,0,0,0,0,0,0,0,0,0,,200,,
0,0,,1,0,0,0,0,0,0,0,0,0,,300,,
0,0,,1,0,0,0,0,0,0,0,0,0,,100,,
0,0,,1,0,0,0,0,0,0,0,0,0,,100,,
0,0,,1,0,0,0,0,0,0,0,0,0,,100,,
0,0,,1,0,0,0,0,0,0,0,0,0,,0,,
0,0,,1,0,0,0,0,0,0,0,0,0,,100,,
0,0,,1,0,0,0,0,0,0,0,0,0,,0,,
0,0,,0,0,0,0,0,0,0,0,0,0,,500,,
0,0,,1,0,0,0,0,0,0,0,0,0,,100,,
0,0,,1,0,0,0,0,0,0,0,0,0,,100,,
0,0,,0,0,0,0,0,0,0,0,0,0,,400,,
0,0,,0,0,0,0,0,0,0,0,0,0,,400,,
0,0,,0,0,0,0,0,0,0,0,0,0,,200,,
0,0,,1,0,0,0,0,0,0,0,0,0,,0,,
0,0,,1,0,0,0,0,0,0,0,0,0,,0,,
0,0,,0,0,0,0,0,0,0,0,0,0,,200,,
0,0,,1,0,0,0,0,0,0,0,0,0,,100,,
0,0,,0,0,0,0,0,0,0,0,0,0,,100,,
0,0,,1,0,0,0,0,0,0,0,0,0,,100,,
0,8,,0,0,0,0,0,0,0,0,1,0,,300,,
0,0,,1,0,0,0,0,0,0,0,0,0,,100,,
0,0,,1,0,0,0,0,0,0,0,0,0,,0,,
0,0,,0,0,0,0,0,0,0,0,0,0,,200,,
0,0,,0,0,0,0,0,0,0,0,0,0,,300,,
0,0,,0,0,0,0,0,0,0,0,0,0,,100,,
0,0,,1,0,0,0,0,0,0,0,0,0,,100,,
0,0,,1,0,0,0,0,0,0,0,0,0,,100,,
0,0,,0,0,0,0,0,0,0,0,0,0,,200,,
0,0,,0,0,0,0,0,0,0,0,0,0,,400,,
0,0,,1,0,0,0,0,0,0,0,0,0,,200,,
0,0,,1,0,0,0,0,0,0,0,0,0,,0,,
0,0,,0,0,0,0,0,0,0,0,0,0,,100,,
0,0,,1,0,0,0,0,0,0,0,0,0,,0,,
0,0,,1,0,0,0,0,0,0,0,0,0,,100,,
0,0,,0,0,0,0,0,0,0,0,0,0,,200,,
0,0,,0,0,0,0,0,0,0,0,0,0,,200,,
0,0,,1,0,0,0,0,0,0,0,0,0,,0,,
0,0,,1,0,0,0,0,0,0,0,0,0,,100,,
0,0,,1,0,0,0,0,0,0,0,0,0,,100,,
0,0,,1,0,0,0,0,0,0,0,0,0,,0,,
0,0,,0,0,0,0,0,0,0,0,0,0,,200,,
0,0,,0,0,0,0,0,0,0,0,0,0,,200,,
0,0,,1,0,0,0,0,0,0,0,0,0,,100,,
0,0,,1,0,0,0,0,0,0,0,0,0,,100,,
0,0,,0,0,0,0,0,0,0,0,0,0,,400,,
0,6,,0,0,0,0,0,0,1,0,0,0,,500,,
0,0,,1,0,0,0,0,0,0,0,0,0,,100,,
0,0,,1,0,0,0,0,0,0,0,0,0,,100,,
0,0,,1,0,0,0,0,0,0,0,0,0,,0,,
0,0,,1,0,0,0,0,0,0,0,0,0,,100,,
0,0,,1,0,0,0,0,0,0,0,0,0,,200,,
0,0,,1,0,0,0,0,0,0,0,0,0,,100,,
0,0,,1,0,0,0,0,0,0,0,0,0,,0,,
0,0,,1,0,0,0,0,0,0,0,0,0,,100,,
0,0,,1,0,0,0,0,0,0,0,0,0,,100,,
0,0,,1,0,0,0,0,0,0,0,0,0,,100,,
0,0,,0,0,0,0,0,0,0,0,0,0,,100,,
0,4,,0,0,0,0,1,0,0,0,0,0,,700,,
0,0,,0,0,0,0,0,0,0,0,0,0,,200,,
0,0,,1,0,0,0,0,0,0,0,0,0,,100,,
0,0,,1,0,0,0,0,0,0,0,0,0,,0,,
0,0,,0,0,0,0,0,0,0,0,0,0,,500,,
0,0,,1,0,0,0,0,0,0,0,0,0,,0,,
0,0,,1,0,0,0,0,0,0,0,0,0,,0,,
0,0,,0,0,0,0,0,0,0,0,0,0,,200,,
0,0,,1,0,0,0,0,0,0,0,0,0,,100,,
0,0,,1,0,0,0,0,0,0,0,0,0,,0,,
1,0,,0,0,0,0,0,0,0,0,0,0,,900,,
1,0,,0,0,0,0,0,0,0,0,0,0,,500,,
1,0,,0,0,0,0,0,0,0,0,0,0,,300,,
1,2,,0,0,1,0,0,0,0,0,0,0,,300,,
1,0,,0,0,0,0,0,0,0,0,0,0,,600,,
1,1,,0,1,0,0,0,0,0,0,0,0,,300,,
1,1,,0,1,0,0,0,0,0,0,0,0,,300,,
1,0,,0,0,0,0,0,0,0,0,0,0,,200,,
1,2,,0,0,1,0,0,0,0,0,0,0,,600,,
1,0,,0,0,0,0,0,0,0,0,0,0,,700,,
1,3,,0,0,0,1,0,0,0,0,0,0,,500,,
1,1,,0,1,0,0,0,0,0,0,0,0,,300,,
1,0,,0,0,0,0,0,0,0,0,0,0,,500,,
1,2,,0,0,1,0,0,0,0,0,0,0,,600,,
1,1,,0,1,0,0,0,0,0,0,0,0,,300,,
1,8,,0,0,0,0,0,0,0,0,1,0,,400,,
1,0,,0,0,0,0,0,0,0,0,0,0,,400,,
1,0,,0,0,0,0,0,0,0,0,0,0,,400,,
1,1,,0,1,0,0,0,0,0,0,0,0,,200,,
1,1,,0,1,0,0,0,0,0,0,0,0,,100,,
1,2,,0,0,1,0,0,0,0,0,0,0,,400,,
1,0,,0,0,0,0,0,0,0,0,0,0,,300,,
1,0,,0,0,0,0,0,0,0,0,0,0,,400,,
1,0,,0,0,0,0,0,0,0,0,0,0,,400,,
1,1,,0,1,0,0,0,0,0,0,0,0,,0,,
1,0,,0,0,0,0,0,0,0,0,0,0,,200,,
1,0,,0,0,0,0,0,0,0,0,0,0,,200,,
1,1,,0,1,0,0,0,0,0,0,0,0,,200,,
1,1,,0,1,0,0,0,0,0,0,0,0,,100,,
1,0,,0,0,0,0,0,0,0,0,0,0,,800,,
1,0,,0,0,0,0,0,0,0,0,0,0,,600,,
1,9,,0,0,0,0,0,0,0,0,0,1,,200,,
1,0,,0,0,0,0,0,0,0,0,0,0,,900,,
1,0,,0,0,0,0,0,0,0,0,0,0,,400,,
1,0,,0,0,0,0,0,0,0,0,0,0,,0,,
1,3,,0,0,0,1,0,0,0,0,0,0,,400,,
1,2,,0,0,1,0,0,0,0,0,0,0,,300,,
1,0,,0,0,0,0,0,0,0,0,0,0,,500,,
1,7,,0,0,0,0,0,0,0,1,0,0,,400,,
1,2,,0,0,1,0,0,0,0,0,0,0,,300,,
1,1,,0,1,0,0,0,0,0,0,0,0,,200,,
1,1,,0,1,0,0,0,0,0,0,0,0,,100,,
1,1,,0,1,0,0,0,0,0,0,0,0,,400,,
1,0,,0,0,0,0,0,0,0,0,0,0,,600,,
1,0,,0,0,0,0,0,0,0,0,0,0,,200,,
1,0,,0,0,0,0,0,0,0,0,0,0,,200,,
1,0,,0,0,0,0,0,0,0,0,0,0,,300,,
1,1,,0,1,0,0,0,0,0,0,0,0,,0,,
1,0,,0,0,0,0,0,0,0,0,0,0,,300,,
1,1,,0,1,0,0,0,0,0,0,0,0,,200,,
1,0,,0,0,0,0,0,0,0,0,0,0,,400,,
1,0,,0,0,0,0,0,0,0,0,0,0,,300,,
1,9,,0,0,0,0,0,0,0,0,0,1,,200,,
1,1,,0,1,0,0,0,0,0,0,0,0,,100,,
1,0,,0,0,0,0,0,0,0,0,0,0,,400,,
1,1,,0,1,0,0,0,0,0,0,0,0,,200,,
1,0,,0,0,0,0,0,0,0,0,0,0,,300,,
1,0,,0,0,0,0,0,0,0,0,0,0,,100,,
1,1,,0,1,0,0,0,0,0,0,0,0,,100,,
1,0,,0,0,0,0,0,0,0,0,0,0,,300,,
1,0,,0,0,0,0,0,0,0,0,0,0,,300,,
1,0,,0,0,0,0,0,0,0,0,0,0,,200,,
1,1,,0,1,0,0,0,0,0,0,0,0,,400,,
1,1,,0,1,0,0,0,0,0,0,0,0,,100,,
1,9,,0,0,0,0,0,0,0,0,0,1,,400,,
1,0,,0,0,0,0,0,0,0,0,0,0,,300,,
1,1,,0,1,0,0,0,0,0,0,0,0,,100,,
1,1,,0,1,0,0,0,0,0,0,0,0,,400,,
1,0,,0,0,0,0,0,0,0,0,0,0,,400,,
1,0,,0,0,0,0,0,0,0,0,0,0,,200,,
1,0,,0,0,0,0,0,0,0,0,0,0,,500,,
1,1,,0,1,0,0,0,0,0,0,0,0,,100,,
1,0,,0,0,0,0,0,0,0,0,0,0,,500,,
1,0,,0,0,0,0,0,0,0,0,0,0,,300,,
1,0,,0,0,0,0,0,0,0,0,0,0,,600,,
1,2,,0,0,1,0,0,0,0,0,0,0,,0,,
1,2,,0,0,1,0,0,0,0,0,0,0,,200,,
1,0,,0,0,0,0,0,0,0,0,0,0,,300,,
1,1,,0,1,0,0,0,0,0,0,0,0,,400,,
1,2,,0,0,1,0,0,0,0,0,0,0,,100,,
1,0,,0,0,0,0,0,0,0,0,0,0,,300,,
1,0,,0,0,0,0,0,0,0,0,0,0,,400,,
1,1,,0,1,0,0,0,0,0,0,0,0,,100,,
1,1,,0,1,0,0,0,0,0,0,0,0,,0,,
1,0,,0,0,0,0,0,0,0,0,0,0,,400,,
1,1,,0,1,0,0,0,0,0,0,0,0,,100,,
1,1,,0,1,0,0,0,0,0,0,0,0,,200,,
1,0,,0,0,0,0,0,0,0,0,0,0,,500,,
1,1,,0,1,0,0,0,0,0,0,0,0,,200,,
1,0,,0,0,0,0,0,0,0,0,0,0,,300,,
1,0,,0,0,0,0,0,0,0,0,0,0,,500,,
1,0,,0,0,0,0,0,0,0,0,0,0,,100,,
1,1,,0,1,0,0,0,0,0,0,0,0,,700,,
1,2,,0,0,1,0,0,0,0,0,0,0,,200,,
1,1,,0,1,0,0,0,0,0,0,0,0,,500,,
1,0,,0,0,0,0,0,0,0,0,0,0,,200,,
1,0,,0,0,0,0,0,0,0,0,0,0,,100,,
1,1,,0,1,0,0,0,0,0,0,0,0,,100,,
1,2,,0,0,1,0,0,0,0,0,0,0,,100,,
1,2,,0,0,1,0,0,0,0,0,0,0,,100,,
1,1,,0,1,0,0,0,0,0,0,0,0,,200,,
1,1,,0,1,0,0,0,0,0,0,0,0,,100,,
1,1,,0,1,0,0,0,0,0,0,0,0,,200,,
1,1,,0,1,0,0,0,0,0,0,0,0,,200,,
1,3,,0,0,0,1,0,0,0,0,0,0,,300,,
1,1,,0,1,0,0,0,0,0,0,0,0,,200,,
1,0,,0,0,0,0,0,0,0,0,0,0,,300,,
1,9,,0,0,0,0,0,0,0,0,0,1,,200,,
1,1,,0,1,0,0,0,0,0,0,0,0,,100,,
1,5,,0,0,0,0,0,1,0,0,0,0,,200,,
1,1,,0,1,0,0,0,0,0,0,0,0,,200,,
1,7,,0,0,0,0,0,0,0,1,0,0,,300,,
1,1,,0,1,0,0,0,0,0,0,0,0,,100,,
1,1,,0,1,0,0,0,0,0,0,0,0,,0,,
1,2,,0,0,1,0,0,0,0,0,0,0,,200,,
1,0,,0,0,0,0,0,0,0,0,0,0,,100,,
1,0,,0,0,0,0,0,0,0,0,0,0,,300,,
1,1,,0,1,0,0,0,0,0,0,0,0,,200,,
1,0,,0,0,0,0,0,0,0,0,0,0,,400,,
1,0,,0,0,0,0,0,0,0,0,0,0,,400,,
1,0,,0,0,0,0,0,0,0,0,0,0,,100,,
1,0,,0,0,0,0,0,0,0,0,0,0,,100,,
1,7,,0,0,0,0,0,0,0,1,0,0,,0,,
1,2,,0,0,1,0,0,0,0,0,0,0,,100,,
1,0,,0,0,0,0,0,0,0,0,0,0,,800,,
1,7,,0,0,0,0,0,0,0,1,0,0,,100,,
1,1,,0,1,0,0,0,0,0,0,0,0,,100,,
1,1,,0,1,0,0,0,0,0,0,0,0,,100,,
1,9,,0,0,0,0,0,0,0,0,0,1,,200,,
1,1,,0,1,0,0,0,0,0,0,0,0,,200,,
1,7,,0,0,0,0,0,0,0,1,0,0,,100,,
1,1,,0,1,0,0,0,0,0,0,0,0,,200,,
1,1,,0,1,0,0,0,0,0,0,0,0,,100,,
1,0,,0,0,0,0,0,0,0,0,0,0,,200,,
1,1,,0,1,0,0,0,0,0,0,0,0,,0,,
1,1,,0,1,0,0,0,0,0,0,0,0,,100,,
1,0,,0,0,0,0,0,0,0,0,0,0,,100,,
1,1,,0,1,0,0,0,0,0,0,0,0,,100,,
1,2,,0,0,1,0,0,0,0,0,0,0,,300,,
1,0,,0,0,0,0,0,0,0,0,0,0,,200,,
1,1,,0,1,0,0,0,0,0,0,0,0,,0,,
1,0,,0,0,0,0,0,0,0,0,0,0,,300,,
1,0,,0,0,0,0,0,0,0,0,0,0,,100,,
1,1,,0,1,0,0,0,0,0,0,0,0,,100,,
1,1,,0,1,0,0,0,0,0,0,0,0,,200,,
1,0,,0,0,0,0,0,0,0,0,0,0,,600,,
1,1,,0,1,0,0,0,0,0,0,0,0,,100,,
1,2,,0,0,1,0,0,0,0,0,0,0,,100,,
1,0,,0,0,0,0,0,0,0,0,0,0,,200,,
1,0,,0,0,0,0,0,0,0,0,0,0,,100,,
1,0,,0,0,0,0,0,0,0,0,0,0,,100,,
1,1,,0,1,0,0,0,0,0,0,0,0,,100,,
1,1,,0,1,0,0,0,0,0,0,0,0,,100,,
1,0,,0,0,0,0,0,0,0,0,0,0,,400,,
1,0,,0,0,0,0,0,0,0,0,0,0,,500,,
1,1,,0,1,0,0,0,0,0,0,0,0,,200,,
1,0,,0,0,0,0,0,0,0,0,0,0,,100,,
1,0,,0,0,0,0,0,0,0,0,0,0,,100,,
1,0,,0,0,0,0,0,0,0,0,0,0,,100,,
1,0,,0,0,0,0,0,0,0,0,0,0,,0,,
1,1,,0,1,0,0,0,0,0,0,0,0,,0,,
1,0,,0,0,0,0,0,0,0,0,0,0,,100,,
1,1,,0,1,0,0,0,0,0,0,0,0,,100,,
1,1,,0,1,0,0,0,0,0,0,0,0,,0,,
1,0,,0,0,0,0,0,0,0,0,0,0,,200,,
1,0,,0,0,0,0,0,0,0,0,0,0,,200,,
1,1,,0,1,0,0,0,0,0,0,0,0,,200,,
1,0,,0,0,0,0,0,0,0,0,0,0,,300,,
1,0,,0,0,0,0,0,0,0,0,0,0,,100,,
1,7,,0,0,0,0,0,0,0,1,0,0,,500,,
1,0,,0,0,0,0,0,0,0,0,0,0,,100,,
1,0,,0,0,0,0,0,0,0,0,0,0,,100,,
1,1,,0,1,0,0,0,0,0,0,0,0,,100,,
1,1,,0,1,0,0,0,0,0,0,0,0,,100,,
1,0,,0,0,0,0,0,0,0,0,0,0,,500,,
1,0,,0,0,0,0,0,0,0,0,0,0,,300,,
1,0,,0,0,0,0,0,0,0,0,0,0,,100,,
1,0,,0,0,0,0,0,0,0,0,0,0,,100,,
1,1,,0,1,0,0,0,0,0,0,0,0,,0,,
1,0,,0,0,0,0,0,0,0,0,0,0,,500,,
1,1,,0,1,0,0,0,0,0,0,0,0,,200,,
1,0,,0,0,0,0,0,0,0,0,0,0,,100,,
1,1,,0,1,0,0,0,0,0,0,0,0,,200,,
1,0,,0,0,0,0,0,0,0,0,0,0,,200,,
1,0,,0,0,0,0,0,0,0,0,0,0,,100,,
1,0,,0,0,0,0,0,0,0,0,0,0,,300,,
1,1,,0,1,0,0,0,0,0,0,0,0,,200,,
1,0,,0,0,0,0,0,0,0,0,0,0,,200,,
1,1,,0,1,0,0,0,0,0,0,0,0,,100,,
1,8,,0,0,0,0,0,0,0,0,1,0,,200,,
1,1,,0,1,0,0,0,0,0,0,0,0,,100,,
1,1,,0,1,0,0,0,0,0,0,0,0,,0,,
1,1,,0,1,0,0,0,0,0,0,0,0,,100,,
1,1,,0,1,0,0,0,0,0,0,0,0,,100,,
1,0,,0,0,0,0,0,0,0,0,0,0,,400,,
1,1,,0,1,0,0,0,0,0,0,0,0,,200,,
1,1,,0,1,0,0,0,0,0,0,0,0,,100,,
1,0,,0,0,0,0,0,0,0,0,0,0,,100,,
1,1,,0,1,0,0,0,0,0,0,0,0,,100,,
1,1,,0,1,0,0,0,0,0,0,0,0,,200,,
1,1,,0,1,0,0,0,0,0,0,0,0,,0,,
1,1,,0,1,0,0,0,0,0,0,0,0,,100,,
1,5,,0,0,0,0,0,1,0,0,0,0,,0,,
1,7,,0,0,0,0,0,0,0,1,0,0,,100,,
1,1,,0,1,0,0,0,0,0,0,0,0,,0,,
1,1,,0,1,0,0,0,0,0,0,0,0,,100,,
1,0,,0,0,0,0,0,0,0,0,0,0,,100,,
1,1,,0,1,0,0,0,0,0,0,0,0,,200,,
1,1,,0,1,0,0,0,0,0,0,0,0,,100,,
1,5,,0,0,0,0,0,1,0,0,0,0,,100,,
1,0,,0,0,0,0,0,0,0,0,0,0,,400,,
1,7,,0,0,0,0,0,0,0,1,0,0,,100,,
1,2,,0,0,1,0,0,0,0,0,0,0,,100,,
1,0,,0,0,0,0,0,0,0,0,0,0,,100,,
1,0,,0,0,0,0,0,0,0,0,0,0,,200,,
1,1,,0,1,0,0,0,0,0,0,0,0,,100,,
1,9,,0,0,0,0,0,0,0,0,0,1,,0,,
1,1,,0,1,0,0,0,0,0,0,0,0,,300,,
1,0,,0,0,0,0,0,0,0,0,0,0,,300,,
1,0,,0,0,0,0,0,0,0,0,0,0,,400,,
1,0,,0,0,0,0,0,0,0,0,0,0,,400,,
1,7,,0,0,0,0,0,0,0,1,0,0,,300,,
1,0,,0,0,0,0,0,0,0,0,0,0,,200,,
1,3,,0,0,0,1,0,0,0,0,0,0,,100,,
1,0,,0,0,0,0,0,0,0,0,0,0,,300,,
1,0,,0,0,0,0,0,0,0,0,0,0,,100,,
1,1,,0,1,0,0,0,0,0,0,0,0,,100,,
1,1,,0,1,0,0,0,0,0,0,0,0,,0,,
1,2,,0,0,1,0,0,0,0,0,0,0,,300,,
2,1,,0,1,0,0,0,0,0,0,0,0,,200,,
2,2,,0,0,1,0,0,0,0,0,0,0,,200,,
2,0,,0,0,0,0,0,0,0,0,0,0,,200,,
2,0,,0,0,0,0,0,0,0,0,0,0,,100,,
2,2,,0,0,1,0,0,0,0,0,0,0,,200,,
2,2,,0,0,1,0,0,0,0,0,0,0,,200,,
2,0,,0,0,0,0,0,0,0,0,0,0,,0,,
2,0,,0,0,0,0,0,0,0,0,0,0,,200,,
2,2,,0,0,1,0,0,0,0,0,0,0,,100,,
2,3,,0,0,0,1,0,0,0,0,0,0,,300,,
2,2,,0,0,1,0,0,0,0,0,0,0,,400,,
2,2,,0,0,1,0,0,0,0,0,0,0,,300,,
2,2,,0,0,1,0,0,0,0,0,0,0,,300,,
2,2,,0,0,1,0,0,0,0,0,0,0,,200,,
2,0,,0,0,0,0,0,0,0,0,0,0,,100,,
2,0,,0,0,0,0,0,0,0,0,0,0,,200,,
2,0,,0,0,0,0,0,0,0,0,0,0,,100,,
2,0,,0,0,0,0,0,0,0,0,0,0,,400,,
2,0,,0,0,0,0,0,0,0,0,0,0,,300,,
2,0,,0,0,0,0,0,0,0,0,0,0,,300,,
2,0,,0,0,0,0,0,0,0,0,0,0,,500,,
2,2,,0,0,1,0,0,0,0,0,0,0,,200,,
2,0,,0,0,0,0,0,0,0,0,0,0,,200,,
2,2,,0,0,1,0,0,0,0,0,0,0,,300,,
2,2,,0,0,1,0,0,0,0,0,0,0,,200,,
2,0,,0,0,0,0,0,0,0,0,0,0,,600,,
2,0,,0,0,0,0,0,0,0,0,0,0,,200,,
2,0,,0,0,0,0,0,0,0,0,0,0,,200,,
2,0,,0,0,0,0,0,0,0,0,0,0,,0,,
2,5,,0,0,0,0,0,1,0,0,0,0,,300,,
2,0,,0,0,0,0,0,0,0,0,0,0,,300,,
2,2,,0,0,1,0,0,0,0,0,0,0,,200,,
2,2,,0,0,1,0,0,0,0,0,0,0,,100,,
2,0,,0,0,0,0,0,0,0,0,0,0,,200,,
2,0,,0,0,0,0,0,0,0,0,0,0,,400,,
2,2,,0,0,1,0,0,0,0,0,0,0,,100,,
2,2,,0,0,1,0,0,0,0,0,0,0,,200,,
2,2,,0,0,1,0,0,0,0,0,0,0,,100,,
2,6,,0,0,0,0,0,0,1,0,0,0,,300,,
2,0,,0,0,0,0,0,0,0,0,0,0,,100,,
2,0,,0,0,0,0,0,0,0,0,0,0,,300,,
2,2,,0,0,1,0,0,0,0,0,0,0,,200,,
2,0,,0,0,0,0,0,0,0,0,0,0,,400,,
2,2,,0,0,1,0,0,0,0,0,0,0,,600,,
2,0,,0,0,0,0,0,0,0,0,0,0,,300,,
2,0,,0,0,0,0,0,0,0,0,0,0,,100,,
2,2,,0,0,1,0,0,0,0,0,0,0,,100,,
2,0,,0,0,0,0,0,0,0,0,0,0,,300,,
2,2,,0,0,1,0,0,0,0,0,0,0,,0,,
2,0,,0,0,0,0,0,0,0,0,0,0,,200,,
2,0,,0,0,0,0,0,0,0,0,0,0,,100,,
2,0,,0,0,0,0,0,0,0,0,0,0,,200,,
2,2,,0,0,1,0,0,0,0,0,0,0,,400,,
2,1,,0,1,0,0,0,0,0,0,0,0,,400,,
2,0,,0,0,0,0,0,0,0,0,0,0,,100,,
2,1,,0,1,0,0,0,0,0,0,0,0,,100,,
2,2,,0,0,1,0,0,0,0,0,0,0,,200,,
2,0,,0,0,0,0,0,0,0,0,0,0,,200,,
2,1,,0,1,0,0,0,0,0,0,0,0,,200,,
2,0,,0,0,0,0,0,0,0,0,0,0,,200,,
2,6,,0,0,0,0,0,0,1,0,0,0,,100,,
2,0,,0,0,0,0,0,0,0,0,0,0,,200,,
2,1,,0,1,0,0,0,0,0,0,0,0,,200,,
2,2,,0,0,1,0,0,0,0,0,0,0,,400,,
2,0,,0,0,0,0,0,0,0,0,0,0,,100,,
2,2,,0,0,1,0,0,0,0,0,0,0,,200,,
2,0,,0,0,0,0,0,0,0,0,0,0,,100,,
2,0,,0,0,0,0,0,0,0,0,0,0,,500,,
2,0,,0,0,0,0,0,0,0,0,0,0,,100,,
2,0,,0,0,0,0,0,0,0,0,0,0,,200,,
2,0,,0,0,0,0,0,0,0,0,0,0,,400,,
2,6,,0,0,0,0,0,0,1,0,0,0,,300,,
2,1,,0,1,0,0,0,0,0,0,0,0,,100,,
2,2,,0,0,1,0,0,0,0,0,0,0,,200,,
2,1,,0,1,0,0,0,0,0,0,0,0,,0,,
2,2,,0,0,1,0,0,0,0,0,0,0,,200,,
2,0,,0,0,0,0,0,0,0,0,0,0,,100,,
2,2,,0,0,1,0,0,0,0,0,0,0,,100,,
2,0,,0,0,0,0,0,0,0,0,0,0,,200,,
2,0,,0,0,0,0,0,0,0,0,0,0,,100,,
2,0,,0,0,0,0,0,0,0,0,0,0,,300,,
2,0,,0,0,0,0,0,0,0,0,0,0,,200,,
2,0,,0,0,0,0,0,0,0,0,0,0,,200,,
2,0,,0,0,0,0,0,0,0,0,0,0,,100,,
2,0,,0,0,0,0,0,0,0,0,0,0,,200,,
2,6,,0,0,0,0,0,0,1,0,0,0,,300,,
2,2,,0,0,1,0,0,0,0,0,0,0,,300,,
2,0,,0,0,0,0,0,0,0,0,0,0,,200,,
2,3,,0,0,0,1,0,0,0,0,0,0,,200,,
2,0,,0,0,0,0,0,0,0,0,0,0,,100,,
2,0,,0,0,0,0,0,0,0,0,0,0,,200,,
2,0,,0,0,0,0,0,0,0,0,0,0,,200,,
2,0,,0,0,0,0,0,0,0,0,0,0,,100,,
2,0,,0,0,0,0,0,0,0,0,0,0,,200,,
2,0,,0,0,0,0,0,0,0,0,0,0,,200,,
2,0,,0,0,0,0,0,0,0,0,0,0,,300,,
2,1,,0,1,0,0,0,0,0,0,0,0,,100,,
2,0,,0,0,0,0,0,0,0,0,0,0,,200,,
2,2,,0,0,1,0,0,0,0,0,0,0,,100,,
2,2,,0,0,1,0,0,0,0,0,0,0,,200,,
2,3,,0,0,0,1,0,0,0,0,0,0,,400,,
2,0,,0,0,0,0,0,0,0,0,0,0,,300,,
2,2,,0,0,1,0,0,0,0,0,0,0,,100,,
2,5,,0,0,0,0,0,1,0,0,0,0,,100,,
2,0,,0,0,0,0,0,0,0,0,0,0,,500,,
2,1,,0,1,0,0,0,0,0,0,0,0,,200,,
2,0,,0,0,0,0,0,0,0,0,0,0,,200,,
2,0,,0,0,0,0,0,0,0,0,0,0,,200,,
2,0,,0,0,0,0,0,0,0,0,0,0,,300,,
2,1,,0,1,0,0,0,0,0,0,0,0,,0,,
2,0,,0,0,0,0,0,0,0,0,0,0,,200,,
2,2,,0,0,1,0,0,0,0,0,0,0,,100,,
2,0,,0,0,0,0,0,0,0,0,0,0,,100,,
2,0,,0,0,0,0,0,0,0,0,0,0,,200,,
2,2,,0,0,1,0,0,0,0,0,0,0,,400,,
2,2,,0,0,1,0,0,0,0,0,0,0,,100,,
2,2,,0,0,1,0,0,0,0,0,0,0,,200,,
2,2,,0,0,1,0,0,0,0,0,0,0,,100,,
2,0,,0,0,0,0,0,0,0,0,0,0,,200,,
2,0,,0,0,0,0,0,0,0,0,0,0,,200,,
2,0,,0,0,0,0,0,0,0,0,0,0,,100,,
2,0,,0,0,0,0,0,0,0,0,0,0,,200,,
2,2,,0,0,1,0,0,0,0,0,0,0,,400,,
2,0,,0,0,0,0,0,0,0,0,0,0,,300,,
2,0,,0,0,0,0,0,0,0,0,0,0,,100,,
2,0,,0,0,0,0,0,0,0,0,0,0,,100,,
2,2,,0,0,1,0,0,0,0,0,0,0,,200,,
2,2,,0,0,1,0,0,0,0,0,0,0,,300,,
2,2,,0,0,1,0,0,0,0,0,0,0,,100,,
2,2,,0,0,1,0,0,0,0,0,0,0,,100,,
2,2,,0,0,1,0,0,0,0,0,0,0,,0,,
2,1,,0,1,0,0,0,0,0,0,0,0,,100,,
2,0,,0,0,0,0,0,0,0,0,0,0,,100,,
2,2,,0,0,1,0,0,0,0,0,0,0,,100,,
2,0,,0,0,0,0,0,0,0,0,0,0,,300,,
2,2,,0,0,1,0,0,0,0,0,0,0,,100,,
2,0,,0,0,0,0,0,0,0,0,0,0,,300,,
2,2,,0,0,1,0,0,0,0,0,0,0,,200,,
2,0,,0,0,0,0,0,0,0,0,0,0,,500,,
2,0,,0,0,0,0,0,0,0,0,0,0,,300,,
2,2,,0,0,1,0,0,0,0,0,0,0,,0,,
2,0,,0,0,0,0,0,0,0,0,0,0,,300,,
2,2,,0,0,1,0,0,0,0,0,0,0,,100,,
2,0,,0,0,0,0,0,0,0,0,0,0,,400,,
2,0,,0,0,0,0,0,0,0,0,0,0,,100,,
2,2,,0,0,1,0,0,0,0,0,0,0,,0,,
2,0,,0,0,0,0,0,0,0,0,0,0,,100,,
2,5,,0,0,0,0,0,1,0,0,0,0,,100,,
2,7,,0,0,0,0,0,0,0,1,0,0,,300,,
2,2,,0,0,1,0,0,0,0,0,0,0,,100,,
2,0,,0,0,0,0,0,0,0,0,0,0,,100,,
2,0,,0,0,0,0,0,0,0,0,0,0,,100,,
2,2,,0,0,1,0,0,0,0,0,0,0,,100,,
2,0,,0,0,0,0,0,0,0,0,0,0,,100,,
2,0,,0,0,0,0,0,0,0,0,0,0,,200,,
2,2,,0,0,1,0,0,0,0,0,0,0,,100,,
2,2,,0,0,1,0,0,0,0,0,0,0,,200,,
2,2,,0,0,1,0,0,0,0,0,0,0,,0,,
2,2,,0,0,1,0,0,0,0,0,0,0,,200,,
2,2,,0,0,1,0,0,0,0,0,0,0,,200,,
2,0,,0,0,0,0,0,0,0,0,0,0,,200,,
2,0,,0,0,0,0,0,0,0,0,0,0,,300,,
2,2,,0,0,1,0,0,0,0,0,0,0,,200,,
2,0,,0,0,0,0,0,0,0,0,0,0,,100,,
2,0,,0,0,0,0,0,0,0,0,0,0,,200,,
2,2,,0,0,1,0,0,0,0,0,0,0,,200,,
2,2,,0,0,1,0,0,0,0,0,0,0,,0,,
2,1,,0,1,0,0,0,0,0,0,0,0,,300,,
2,1,,0,1,0,0,0,0,0,0,0,0,,200,,
2,0,,0,0,0,0,0,0,0,0,0,0,,600,,
2,0,,0,0,0,0,0,0,0,0,0,0,,100,,
2,2,,0,0,1,0,0,0,0,0,0,0,,100,,
2,0,,0,0,0,0,0,0,0,0,0,0,,200,,
2,0,,0,0,0,0,0,0,0,0,0,0,,200,,
2,0,,0,0,0,0,0,0,0,0,0,0,,200,,
2,2,,0,0,1,0,0,0,0,0,0,0,,100,,
2,6,,0,0,0,0,0,0,1,0,0,0,,200,,
2,1,,0,1,0,0,0,0,0,0,0,0,,200,,
2,0,,0,0,0,0,0,0,0,0,0,0,,300,,
2,3,,0,0,0,1,0,0,0,0,0,0,,200,,
2,0,,0,0,0,0,0,0,0,0,0,0,,500,,
2,0,,0,0,0,0,0,0,0,0,0,0,,200,,
2,0,,0,0,0,0,0,0,0,0,0,0,,300,,
2,0,,0,0,0,0,0,0,0,0,0,0,,100,,
2,0,,0,0,0,0,0,0,0,0,0,0,,300,,
2,2,,0,0,1,0,0,0,0,0,0,0,,200,,
2,0,,0,0,0,0,0,0,0,0,0,0,,100,,
2,0,,0,0,0,0,0,0,0,0,0,0,,200,,
2,0,,0,0,0,0,0,0,0,0,0,0,,100,,
2,0,,0,0,0,0,0,0,0,0,0,0,,100,,
2,0,,0,0,0,0,0,0,0,0,0,0,,200,,
2,0,,0,0,0,0,0,0,0,0,0,0,,100,,
2,2,,0,0,1,0,0,0,0,0,0,0,,100,,
2,0,,0,0,0,0,0,0,0,0,0,0,,200,,
2,1,,0,1,0,0,0,0,0,0,0,0,,300,,
2,2,,0,0,1,0,0,0,0,0,0,0,,100,,
2,0,,0,0,0,0,0,0,0,0,0,0,,300,,
2,0,,0,0,0,0,0,0,0,0,0,0,,200,,
2,2,,0,0,1,0,0,0,0,0,0,0,,0,,
2,1,,0,1,0,0,0,0,0,0,0,0,,200,,
2,0,,0,0,0,0,0,0,0,0,0,0,,100,,
2,2,,0,0,1,0,0,0,0,0,0,0,,200,,
2,0,,0,0,0,0,0,0,0,0,0,0,,100,,
2,0,,0,0,0,0,0,0,0,0,0,0,,300,,
2,2,,0,0,1,0,0,0,0,0,0,0,,200,,
2,1,,0,1,0,0,0,0,0,0,0,0,,100,,
2,3,,0,0,0,1,0,0,0,0,0,0,,300,,
2,1,,0,1,0,0,0,0,0,0,0,0,,200,,
2,0,,0,0,0,0,0,0,0,0,0,0,,400,,
2,0,,0,0,0,0,0,0,0,0,0,0,,200,,
2,6,,0,0,0,0,0,0,1,0,0,0,,200,,
2,6,,0,0,0,0,0,0,1,0,0,0,,0,,
2,0,,0,0,0,0,0,0,0,0,0,0,,200,,
2,0,,0,0,0,0,0,0,0,0,0,0,,200,,
2,3,,0,0,0,1,0,0,0,0,0,0,,400,,
2,1,,0,1,0,0,0,0,0,0,0,0,,300,,
2,2,,0,0,1,0,0,0,0,0,0,0,,100,,
2,2,,0,0,1,0,0,0,0,0,0,0,,100,,
2,2,,0,0,1,0,0,0,0,0,0,0,,400,,
2,0,,0,0,0,0,0,0,0,0,0,0,,300,,
2,0,,0,0,0,0,0,0,0,0,0,0,,300,,
2,2,,0,0,1,0,0,0,0,0,0,0,,200,,
2,0,,0,0,0,0,0,0,0,0,0,0,,200,,
2,0,,0,0,0,0,0,0,0,0,0,0,,100,,
2,2,,0,0,1,0,0,0,0,0,0,0,,200,,
2,1,,0,1,0,0,0,0,0,0,0,0,,100,,
2,0,,0,0,0,0,0,0,0,0,0,0,,100,,
2,2,,0,0,1,0,0,0,0,0,0,0,,100,,
2,0,,0,0,0,0,0,0,0,0,0,0,,200,,
3,0,,0,0,0,0,0,0,0,0,0,0,,200,,
3,3,,0,0,0,1,0,0,0,0,0,0,,400,,
3,3,,0,0,0,1,0,0,0,0,0,0,,300,,
3,3,,0,0,0,1,0,0,0,0,0,0,,300,,
3,0,,0,0,0,0,0,0,0,0,0,0,,400,,
3,3,,0,0,0,1,0,0,0,0,0,0,,300,,
3,3,,0,0,0,1,0,0,0,0,0,0,,100,,
3,3,,0,0,0,1,0,0,0,0,0,0,,300,,
3,5,,0,0,0,0,0,1,0,0,0,0,,200,,
3,0,,0,0,0,0,0,0,0,0,0,0,,200,,
3,3,,0,0,0,1,0,0,0,0,0,0,,100,,
3,0,,0,0,0,0,0,0,0,0,0,0,,100,,
3,0,,0,0,0,0,0,0,0,0,0,0,,200,,
3,2,,0,0,1,0,0,0,0,0,0,0,,200,,
3,0,,0,0,0,0,0,0,0,0,0,0,,200,,
3,0,,0,0,0,0,0,0,0,0,0,0,,100,,
3,3,,0,0,0,1,0,0,0,0,0,0,,300,,
3,0,,0,0,0,0,0,0,0,0,0,0,,200,,
3,0,,0,0,0,0,0,0,0,0,0,0,,100,,
3,1,,0,1,0,0,0,0,0,0,0,0,,200,,
3,0,,0,0,0,0,0,0,0,0,0,0,,200,,
3,0,,0,0,0,0,0,0,0,0,0,0,,200,,
3,3,,0,0,0,1,0,0,0,0,0,0,,200,,
3,0,,0,0,0,0,0,0,0,0,0,0,,300,,
3,0,,0,0,0,0,0,0,0,0,0,0,,200,,
3,0,,0,0,0,0,0,0,0,0,0,0,,300,,
3,0,,0,0,0,0,0,0,0,0,0,0,,300,,
3,3,,0,0,0,1,0,0,0,0,0,0,,200,,
3,0,,0,0,0,0,0,0,0,0,0,0,,300,,
3,3,,0,0,0,1,0,0,0,0,0,0,,600,,
3,5,,0,0,0,0,0,1,0,0,0,0,,300,,
3,0,,0,0,0,0,0,0,0,0,0,0,,400,,
3,3,,0,0,0,1,0,0,0,0,0,0,,300,,
3,3,,0,0,0,1,0,0,0,0,0,0,,200,,
3,0,,0,0,0,0,0,0,0,0,0,0,,100,,
3,1,,0,1,0,0,0,0,0,0,0,0,,300,,
3,3,,0,0,0,1,0,0,0,0,0,0,,200,,
3,3,,0,0,0,1,0,0,0,0,0,0,,200,,
3,5,,0,0,0,0,0,1,0,0,0,0,,100,,
3,2,,0,0,1,0,0,0,0,0,0,0,,100,,
3,2,,0,0,1,0,0,0,0,0,0,0,,100,,
3,0,,0,0,0,0,0,0,0,0,0,0,,300,,
3,0,,0,0,0,0,0,0,0,0,0,0,,100,,
3,3,,0,0,0,1,0,0,0,0,0,0,,200,,
3,3,,0,0,0,1,0,0,0,0,0,0,,200,,
3,3,,0,0,0,1,0,0,0,0,0,0,,100,,
3,1,,0,1,0,0,0,0,0,0,0,0,,100,,
3,0,,0,0,0,0,0,0,0,0,0,0,,200,,
3,0,,0,0,0,0,0,0,0,0,0,0,,400,,
3,3,,0,0,0,1,0,0,0,0,0,0,,100,,
3,3,,0,0,0,1,0,0,0,0,0,0,,200,,
3,0,,0,0,0,0,0,0,0,0,0,0,,100,,
3,0,,0,0,0,0,0,0,0,0,0,0,,200,,
3,9,,0,0,0,0,0,0,0,0,0,1,,100,,
3,3,,0,0,0,1,0,0,0,0,0,0,,100,,
3,0,,0,0,0,0,0,0,0,0,0,0,,200,,
3,2,,0,0,1,0,0,0,0,0,0,0,,200,,
3,0,,0,0,0,0,0,0,0,0,0,0,,200,,
3,0,,0,0,0,0,0,0,0,0,0,0,,500,,
3,3,,0,0,0,1,0,0,0,0,0,0,,200,,
3,0,,0,0,0,0,0,0,0,0,0,0,,300,,
3,3,,0,0,0,1,0,0,0,0,0,0,,300,,
3,5,,0,0,0,0,0,1,0,0,0,0,,300,,
3,0,,0,0,0,0,0,0,0,0,0,0,,200,,
3,0,,0,0,0,0,0,0,0,0,0,0,,600,,
3,0,,0,0,0,0,0,0,0,0,0,0,,200,,
3,0,,0,0,0,0,0,0,0,0,0,0,,200,,
3,0,,0,0,0,0,0,0,0,0,0,0,,200,,
3,3,,0,0,0,1,0,0,0,0,0,0,,300,,
3,0,,0,0,0,0,0,0,0,0,0,0,,100,,
3,0,,0,0,0,0,0,0,0,0,0,0,,200,,
3,3,,0,0,0,1,0,0,0,0,0,0,,100,,
3,0,,0,0,0,0,0,0,0,0,0,0,,200,,
3,0,,0,0,0,0,0,0,0,0,0,0,,200,,
3,0,,0,0,0,0,0,0,0,0,0,0,,200,,
3,1,,0,1,0,0,0,0,0,0,0,0,,100,,
3,0,,0,0,0,0,0,0,0,0,0,0,,200,,
3,0,,0,0,0,0,0,0,0,0,0,0,,200,,
3,0,,0,0,0,0,0,0,0,0,0,0,,300,,
3,5,,0,0,0,0,0,1,0,0,0,0,,200,,
3,0,,0,0,0,0,0,0,0,0,0,0,,100,,
3,0,,0,0,0,0,0,0,0,0,0,0,,200,,
3,3,,0,0,0,1,0,0,0,0,0,0,,100,,
3,0,,0,0,0,0,0,0,0,0,0,0,,300,,
3,0,,0,0,0,0,0,0,0,0,0,0,,300,,
3,0,,0,0,0,0,0,0,0,0,0,0,,200,,
3,2,,0,0,1,0,0,0,0,0,0,0,,200,,
3,3,,0,0,0,1,0,0,0,0,0,0,,200,,
3,0,,0,0,0,0,0,0,0,0,0,0,,100,,
3,0,,0,0,0,0,0,0,0,0,0,0,,100,,
3,3,,0,0,0,1,0,0,0,0,0,0,,200,,
3,3,,0,0,0,1,0,0,0,0,0,0,,100,,
3,0,,0,0,0,0,0,0,0,0,0,0,,100,,
3,3,,0,0,0,1,0,0,0,0,0,0,,200,,
3,1,,0,1,0,0,0,0,0,0,0,0,,200,,
3,0,,0,0,0,0,0,0,0,0,0,0,,100,,
3,0,,0,0,0,0,0,0,0,0,0,0,,400,,
3,0,,0,0,0,0,0,0,0,0,0,0,,100,,
3,0,,0,0,0,0,0,0,0,0,0,0,,200,,
3,9,,0,0,0,0,0,0,0,0,0,1,,100,,
3,3,,0,0,0,1,0,0,0,0,0,0,,200,,
3,3,,0,0,0,1,0,0,0,0,0,0,,200,,
3,0,,0,0,0,0,0,0,0,0,0,0,,300,,
3,3,,0,0,0,1,0,0,0,0,0,0,,200,,
3,3,,0,0,0,1,0,0,0,0,0,0,,100,,
3,3,,0,0,0,1,0,0,0,0,0,0,,200,,
3,3,,0,0,0,1,0,0,0,0,0,0,,100,,
3,0,,0,0,0,0,0,0,0,0,0,0,,200,,
3,0,,0,0,0,0,0,0,0,0,0,0,,100,,
3,2,,0,0,1,0,0,0,0,0,0,0,,300,,
3,0,,0,0,0,0,0,0,0,0,0,0,,200,,
3,0,,0,0,0,0,0,0,0,0,0,0,,200,,
3,3,,0,0,0,1,0,0,0,0,0,0,,100,,
3,0,,0,0,0,0,0,0,0,0,0,0,,100,,
3,3,,0,0,0,1,0,0,0,0,0,0,,200,,
3,0,,0,0,0,0,0,0,0,0,0,0,,200,,
3,0,,0,0,0,0,0,0,0,0,0,0,,200,,
3,0,,0,0,0,0,0,0,0,0,0,0,,300,,
3,3,,0,0,0,1,0,0,0,0,0,0,,200,,
3,3,,0,0,0,1,0,0,0,0,0,0,,100,,
3,0,,0,0,0,0,0,0,0,0,0,0,,200,,
3,0,,0,0,0,0,0,0,0,0,0,0,,100,,
3,0,,0,0,0,0,0,0,0,0,0,0,,200,,
3,0,,0,0,0,0,0,0,0,0,0,0,,100,,
3,0,,0,0,0,0,0,0,0,0,0,0,,100,,
3,5,,0,0,0,0,0,1,0,0,0,0,,200,,
3,5,,0,0,0,0,0,1,0,0,0,0,,100,,
3,3,,0,0,0,1,0,0,0,0,0,0,,400,,
3,3,,0,0,0,1,0,0,0,0,0,0,,100,,
3,0,,0,0,0,0,0,0,0,0,0,0,,200,,
3,0,,0,0,0,0,0,0,0,0,0,0,,100,,
3,0,,0,0,0,0,0,0,0,0,0,0,,300,,
3,3,,0,0,0,1,0,0,0,0,0,0,,200,,
3,0,,0,0,0,0,0,0,0,0,0,0,,300,,
3,3,,0,0,0,1,0,0,0,0,0,0,,200,,
3,0,,0,0,0,0,0,0,0,0,0,0,,100,,
3,3,,0,0,0,1,0,0,0,0,0,0,,200,,
3,1,,0,1,0,0,0,0,0,0,0,0,,200,,
3,0,,0,0,0,0,0,0,0,0,0,0,,300,,
3,3,,0,0,0,1,0,0,0,0,0,0,,100,,
3,0,,0,0,0,0,0,0,0,0,0,0,,300,,
3,0,,0,0,0,0,0,0,0,0,0,0,,200,,
3,0,,0,0,0,0,0,0,0,0,0,0,,100,,
3,0,,0,0,0,0,0,0,0,0,0,0,,100,,
3,0,,0,0,0,0,0,0,0,0,0,0,,300,,
3,1,,0,1,0,0,0,0,0,0,0,0,,300,,
3,3,,0,0,0,1,0,0,0,0,0,0,,100,,
3,0,,0,0,0,0,0,0,0,0,0,0,,400,,
3,3,,0,0,0,1,0,0,0,0,0,0,,100,,
3,3,,0,0,0,1,0,0,0,0,0,0,,200,,
3,3,,0,0,0,1,0,0,0,0,0,0,,100,,
3,0,,0,0,0,0,0,0,0,0,0,0,,100,,
3,3,,0,0,0,1,0,0,0,0,0,0,,600,,
3,0,,0,0,0,0,0,0,0,0,0,0,,300,,
3,0,,0,0,0,0,0,0,0,0,0,0,,100,,
3,0,,0,0,0,0,0,0,0,0,0,0,,200,,
3,3,,0,0,0,1,0,0,0,0,0,0,,100,,
3,3,,0,0,0,1,0,0,0,0,0,0,,200,,
3,3,,0,0,0,1,0,0,0,0,0,0,,200,,
3,3,,0,0,0,1,0,0,0,0,0,0,,200,,
3,0,,0,0,0,0,0,0,0,0,0,0,,300,,
3,0,,0,0,0,0,0,0,0,0,0,0,,100,,
3,0,,0,0,0,0,0,0,0,0,0,0,,200,,
3,0,,0,0,0,0,0,0,0,0,0,0,,400,,
3,0,,0,0,0,0,0,0,0,0,0,0,,200,,
3,9,,0,0,0,0,0,0,0,0,0,1,,200,,
3,0,,0,0,0,0,0,0,0,0,0,0,,100,,
3,0,,0,0,0,0,0,0,0,0,0,0,,200,,
3,0,,0,0,0,0,0,0,0,0,0,0,,300,,
3,0,,0,0,0,0,0,0,0,0,0,0,,100,,
3,0,,0,0,0,0,0,0,0,0,0,0,,100,,
3,0,,0,0,0,0,0,0,0,0,0,0,,200,,
3,3,,0,0,0,1,0,0,0,0,0,0,,100,,
3,3,,0,0,0,1,0,0,0,0,0,0,,200,,
3,0,,0,0,0,0,0,0,0,0,0,0,,100,,
3,0,,0,0,0,0,0,0,0,0,0,0,,100,,
3,0,,0,0,0,0,0,0,0,0,0,0,,400,,
3,3,,0,0,0,1,0,0,0,0,0,0,,200,,
3,3,,0,0,0,1,0,0,0,0,0,0,,100,,
3,0,,0,0,0,0,0,0,0,0,0,0,,200,,
3,3,,0,0,0,1,0,0,0,0,0,0,,100,,
3,3,,0,0,0,1,0,0,0,0,0,0,,100,,
3,0,,0,0,0,0,0,0,0,0,0,0,,500,,
3,3,,0,0,0,1,0,0,0,0,0,0,,300,,
3,0,,0,0,0,0,0,0,0,0,0,0,,100,,
3,0,,0,0,0,0,0,0,0,0,0,0,,200,,
3,3,,0,0,0,1,0,0,0,0,0,0,,100,,
3,0,,0,0,0,0,0,0,0,0,0,0,,100,,
3,3,,0,0,0,1,0,0,0,0,0,0,,100,,
3,0,,0,0,0,0,0,0,0,0,0,0,,200,,
3,9,,0,0,0,0,0,0,0,0,0,1,,200,,
3,3,,0,0,0,1,0,0,0,0,0,0,,100,,
3,0,,0,0,0,0,0,0,0,0,0,0,,100,,
3,7,,0,0,0,0,0,0,0,1,0,0,,400,,
3,0,,0,0,0,0,0,0,0,0,0,0,,200,,
3,0,,0,0,0,0,0,0,0,0,0,0,,200,,
3,0,,0,0,0,0,0,0,0,0,0,0,,100,,
3,0,,0,0,0,0,0,0,0,0,0,0,,200,,
3,0,,0,0,0,0,0,0,0,0,0,0,,200,,
3,0,,0,0,0,0,0,0,0,0,0,0,,200,,
3,3,,0,0,0,1,0,0,0,0,0,0,,100,,
3,0,,0,0,0,0,0,0,0,0,0,0,,300,,
3,0,,0,0,0,0,0,0,0,0,0,0,,100,,
3,0,,0,0,0,0,0,0,0,0,0,0,,400,,
3,0,,0,0,0,0,0,0,0,0,0,0,,300,,
3,0,,0,0,0,0,0,0,0,0,0,0,,200,,
3,0,,0,0,0,0,0,0,0,0,0,0,,500,,
3,3,,0,0,0,1,0,0,0,0,0,0,,100,,
3,0,,0,0,0,0,0,0,0,0,0,0,,300,,
3,1,,0,1,0,0,0,0,0,0,0,0,,100,,
3,0,,0,0,0,0,0,0,0,0,0,0,,0,,
4,0,,0,0,0,0,0,0,0,0,0,0,,100,,
4,0,,0,0,0,0,0,0,0,0,0,0,,200,,
4,0,,0,0,0,0,0,0,0,0,0,0,,200,,
4,4,,0,0,0,0,1,0,0,0,0,0,,300,,
4,0,,0,0,0,0,0,0,0,0,0,0,,400,,
4,4,,0,0,0,0,1,0,0,0,0,0,,200,,
4,6,,0,0,0,0,0,0,1,0,0,0,,100,,
4,0,,0,0,0,0,0,0,0,0,0,0,,700,,
4,6,,0,0,0,0,0,0,1,0,0,0,,200,,
4,7,,0,0,0,0,0,0,0,1,0,0,,200,,
4,0,,0,0,0,0,0,0,0,0,0,0,,400,,
4,4,,0,0,0,0,1,0,0,0,0,0,,200,,
4,4,,0,0,0,0,1,0,0,0,0,0,,100,,
4,0,,0,0,0,0,0,0,0,0,0,0,,400,,
4,4,,0,0,0,0,1,0,0,0,0,0,,400,,
4,4,,0,0,0,0,1,0,0,0,0,0,,300,,
4,4,,0,0,0,0,1,0,0,0,0,0,,300,,
4,4,,0,0,0,0,1,0,0,0,0,0,,100,,
4,0,,0,0,0,0,0,0,0,0,0,0,,800,,
4,0,,0,0,0,0,0,0,0,0,0,0,,0,,
4,4,,0,0,0,0,1,0,0,0,0,0,,100,,
4,0,,0,0,0,0,0,0,0,0,0,0,,300,,
4,0,,0,0,0,0,0,0,0,0,0,0,,500,,
4,4,,0,0,0,0,1,0,0,0,0,0,,200,,
4,6,,0,0,0,0,0,0,1,0,0,0,,200,,
4,0,,0,0,0,0,0,0,0,0,0,0,,300,,
4,4,,0,0,0,0,1,0,0,0,0,0,,300,,
4,0,,0,0,0,0,0,0,0,0,0,0,,300,,
4,0,,0,0,0,0,0,0,0,0,0,0,,200,,
4,0,,0,0,0,0,0,0,0,0,0,0,,300,,
4,0,,0,0,0,0,0,0,0,0,0,0,,200,,
4,0,,0,0,0,0,0,0,0,0,0,0,,600,,
4,0,,0,0,0,0,0,0,0,0,0,0,,300,,
4,4,,0,0,0,0,1,0,0,0,0,0,,300,,
4,0,,0,0,0,0,0,0,0,0,0,0,,300,,
4,0,,0,0,0,0,0,0,0,0,0,0,,200,,
4,0,,0,0,0,0,0,0,0,0,0,0,,300,,
4,0,,0,0,0,0,0,0,0,0,0,0,,300,,
4,0,,0,0,0,0,0,0,0,0,0,0,,200,,
4,6,,0,0,0,0,0,0,1,0,0,0,,100,,
4,4,,0,0,0,0,1,0,0,0,0,0,,800,,
4,0,,0,0,0,0,0,0,0,0,0,0,,200,,
4,0,,0,0,0,0,0,0,0,0,0,0,,600,,
4,9,,0,0,0,0,0,0,0,0,0,1,,300,,
4,4,,0,0,0,0,1,0,0,0,0,0,,200,,
4,0,,0,0,0,0,0,0,0,0,0,0,,200,,
4,0,,0,0,0,0,0,0,0,0,0,0,,200,,
4,4,,0,0,0,0,1,0,0,0,0,0,,600,,
4,0,,0,0,0,0,0,0,0,0,0,0,,0,,
4,0,,0,0,0,0,0,0,0,0,0,0,,100,,
4,0,,0,0,0,0,0,0,0,0,0,0,,500,,
4,9,,0,0,0,0,0,0,0,0,0,1,,200,,
4,4,,0,0,0,0,1,0,0,0,0,0,,100,,
4,0,,0,0,0,0,0,0,0,0,0,0,,400,,
4,6,,0,0,0,0,0,0,1,0,0,0,,200,,
4,0,,0,0,0,0,0,0,0,0,0,0,,100,,
4,4,,0,0,0,0,1,0,0,0,0,0,,200,,
4,0,,0,0,0,0,0,0,0,0,0,0,,100,,
4,0,,0,0,0,0,0,0,0,0,0,0,,100,,
4,0,,0,0,0,0,0,0,0,0,0,0,,900,,
4,0,,0,0,0,0,0,0,0,0,0,0,,600,,
4,8,,0,0,0,0,0,0,0,0,1,0,,600,,
4,6,,0,0,0,0,0,0,1,0,0,0,,300,,
4,0,,0,0,0,0,0,0,0,0,0,0,,100,,
4,4,,0,0,0,0,1,0,0,0,0,0,,200,,
4,0,,0,0,0,0,0,0,0,0,0,0,,400,,
4,4,,0,0,0,0,1,0,0,0,0,0,,400,,
4,2,,0,0,1,0,0,0,0,0,0,0,,500,,
4,0,,0,0,0,0,0,0,0,0,0,0,,200,,
4,0,,0,0,0,0,0,0,0,0,0,0,,400,,
4,0,,0,0,0,0,0,0,0,0,0,0,,200,,
4,0,,0,0,0,0,0,0,0,0,0,0,,400,,
4,0,,0,0,0,0,0,0,0,0,0,0,,200,,
4,0,,0,0,0,0,0,0,0,0,0,0,,100,,
4,0,,0,0,0,0,0,0,0,0,0,0,,300,,
4,0,,0,0,0,0,0,0,0,0,0,0,,600,,
4,4,,0,0,0,0,1,0,0,0,0,0,,100,,
4,0,,0,0,0,0,0,0,0,0,0,0,,500,,
4,0,,0,0,0,0,0,0,0,0,0,0,,600,,
4,0,,0,0,0,0,0,0,0,0,0,0,,200,,
4,0,,0,0,0,0,0,0,0,0,0,0,,500,,
4,0,,0,0,0,0,0,0,0,0,0,0,,200,,
4,4,,0,0,0,0,1,0,0,0,0,0,,200,,
4,0,,0,0,0,0,0,0,0,0,0,0,,300,,
4,4,,0,0,0,0,1,0,0,0,0,0,,600,,
4,0,,0,0,0,0,0,0,0,0,0,0,,100,,
4,0,,0,0,0,0,0,0,0,0,0,0,,400,,
4,0,,0,0,0,0,0,0,0,0,0,0,,200,,
4,7,,0,0,0,0,0,0,0,1,0,0,,300,,
4,4,,0,0,0,0,1,0,0,0,0,0,,400,,
4,4,,0,0,0,0,1,0,0,0,0,0,,300,,
4,0,,0,0,0,0,0,0,0,0,0,0,,200,,
4,0,,0,0,0,0,0,0,0,0,0,0,,200,,
4,4,,0,0,0,0,1,0,0,0,0,0,,200,,
4,4,,0,0,0,0,1,0,0,0,0,0,,100,,
4,4,,0,0,0,0,1,0,0,0,0,0,,100,,
4,0,,0,0,0,0,0,0,0,0,0,0,,600,,
4,0,,0,0,0,0,0,0,0,0,0,0,,200,,
4,0,,0,0,0,0,0,0,0,0,0,0,,200,,
4,7,,0,0,0,0,0,0,0,1,0,0,,200,,
4,4,,0,0,0,0,1,0,0,0,0,0,,200,,
4,0,,0,0,0,0,0,0,0,0,0,0,,200,,
4,4,,0,0,0,0,1,0,0,0,0,0,,200,,
4,0,,0,0,0,0,0,0,0,0,0,0,,200,,
4,4,,0,0,0,0,1,0,0,0,0,0,,100,,
4,0,,0,0,0,0,0,0,0,0,0,0,,400,,
4,0,,0,0,0,0,0,0,0,0,0,0,,400,,
4,0,,0,0,0,0,0,0,0,0,0,0,,200,,
4,4,,0,0,0,0,1,0,0,0,0,0,,200,,
4,0,,0,0,0,0,0,0,0,0,0,0,,100,,
4,4,,0,0,0,0,1,0,0,0,0,0,,200,,
4,7,,0,0,0,0,0,0,0,1,0,0,,200,,
4,0,,0,0,0,0,0,0,0,0,0,0,,100,,
4,0,,0,0,0,0,0,0,0,0,0,0,,100,,
4,6,,0,0,0,0,0,0,1,0,0,0,,200,,
4,4,,0,0,0,0,1,0,0,0,0,0,,400,,
4,0,,0,0,0,0,0,0,0,0,0,0,,300,,
4,0,,0,0,0,0,0,0,0,0,0,0,,0,,
4,4,,0,0,0,0,1,0,0,0,0,0,,300,,
4,9,,0,0,0,0,0,0,0,0,0,1,,200,,
4,4,,0,0,0,0,1,0,0,0,0,0,,100,,
4,4,,0,0,0,0,1,0,0,0,0,0,,200,,
4,0,,0,0,0,0,0,0,0,0,0,0,,100,,
4,0,,0,0,0,0,0,0,0,0,0,0,,200,,
4,4,,0,0,0,0,1,0,0,0,0,0,,200,,
4,0,,0,0,0,0,0,0,0,0,0,0,,100,,
4,0,,0,0,0,0,0,0,0,0,0,0,,200,,
4,4,,0,0,0,0,1,0,0,0,0,0,,100,,
4,0,,0,0,0,0,0,0,0,0,0,0,,200,,
4,0,,0,0,0,0,0,0,0,0,0,0,,300,,
4,0,,0,0,0,0,0,0,0,0,0,0,,300,,
4,4,,0,0,0,0,1,0,0,0,0,0,,200,,
4,0,,0,0,0,0,0,0,0,0,0,0,,100,,
4,0,,0,0,0,0,0,0,0,0,0,0,,100,,
4,4,,0,0,0,0,1,0,0,0,0,0,,100,,
4,9,,0,0,0,0,0,0,0,0,0,1,,300,,
4,4,,0,0,0,0,1,0,0,0,0,0,,200,,
4,0,,0,0,0,0,0,0,0,0,0,0,,0,,
4,0,,0,0,0,0,0,0,0,0,0,0,,200,,
4,4,,0,0,0,0,1,0,0,0,0,0,,300,,
4,0,,0,0,0,0,0,0,0,0,0,0,,300,,
4,0,,0,0,0,0,0,0,0,0,0,0,,100,,
4,0,,0,0,0,0,0,0,0,0,0,0,,100,,
4,0,,0,0,0,0,0,0,0,0,0,0,,300,,
4,4,,0,0,0,0,1,0,0,0,0,0,,200,,
4,9,,0,0,0,0,0,0,0,0,0,1,,100,,
4,0,,0,0,0,0,0,0,0,0,0,0,,200,,
4,4,,0,0,0,0,1,0,0,0,0,0,,100,,
4,0,,0,0,0,0,0,0,0,0,0,0,,200,,
4,4,,0,0,0,0,1,0,0,0,0,0,,200,,
4,4,,0,0,0,0,1,0,0,0,0,0,,100,,
4,0,,0,0,0,0,0,0,0,0,0,0,,400,,
4,0,,0,0,0,0,0,0,0,0,0,0,,100,,
4,0,,0,0,0,0,0,0,0,0,0,0,,300,,
4,4,,0,0,0,0,1,0,0,0,0,0,,100,,
4,0,,0,0,0,0,0,0,0,0,0,0,,200,,
4,9,,0,0,0,0,0,0,0,0,0,1,,100,,
4,4,,0,0,0,0,1,0,0,0,0,0,,0,,
4,4,,0,0,0,0,1,0,0,0,0,0,,100,,
4,4,,0,0,0,0,1,0,0,0,0,0,,0,,
4,0,,0,0,0,0,0,0,0,0,0,0,,300,,
4,0,,0,0,0,0,0,0,0,0,0,0,,200,,
4,9,,0,0,0,0,0,0,0,0,0,1,,100,,
4,0,,0,0,0,0,0,0,0,0,0,0,,200,,
4,0,,0,0,0,0,0,0,0,0,0,0,,400,,
4,0,,0,0,0,0,0,0,0,0,0,0,,400,,
4,4,,0,0,0,0,1,0,0,0,0,0,,100,,
4,4,,0,0,0,0,1,0,0,0,0,0,,100,,
4,9,,0,0,0,0,0,0,0,0,0,1,,100,,
4,0,,0,0,0,0,0,0,0,0,0,0,,300,,
4,6,,0,0,0,0,0,0,1,0,0,0,,400,,
4,8,,0,0,0,0,0,0,0,0,1,0,,200,,
4,0,,0,0,0,0,0,0,0,0,0,0,,200,,
4,4,,0,0,0,0,1,0,0,0,0,0,,200,,
4,4,,0,0,0,0,1,0,0,0,0,0,,100,,
4,4,,0,0,0,0,1,0,0,0,0,0,,200,,
4,0,,0,0,0,0,0,0,0,0,0,0,,200,,
4,4,,0,0,0,0,1,0,0,0,0,0,,100,,
4,0,,0,0,0,0,0,0,0,0,0,0,,300,,
4,4,,0,0,0,0,1,0,0,0,0,0,,200,,
4,4,,0,0,0,0,1,0,0,0,0,0,,100,,
4,4,,0,0,0,0,1,0,0,0,0,0,,100,,
4,4,,0,0,0,0,1,0,0,0,0,0,,100,,
4,4,,0,0,0,0,1,0,0,0,0,0,,300,,
4,0,,0,0,0,0,0,0,0,0,0,0,,100,,
4,0,,0,0,0,0,0,0,0,0,0,0,,100,,
4,4,,0,0,0,0,1,0,0,0,0,0,,200,,
4,6,,0,0,0,0,0,0,1,0,0,0,,400,,
4,0,,0,0,0,0,0,0,0,0,0,0,,200,,
4,0,,0,0,0,0,0,0,0,0,0,0,,500,,
4,0,,0,0,0,0,0,0,0,0,0,0,,100,,
4,0,,0,0,0,0,0,0,0,0,0,0,,500,,
4,0,,0,0,0,0,0,0,0,0,0,0,,0,,
4,9,,0,0,0,0,0,0,0,0,0,1,,100,,
4,0,,0,0,0,0,0,0,0,0,0,0,,100,,
4,0,,0,0,0,0,0,0,0,0,0,0,,100,,
4,6,,0,0,0,0,0,0,1,0,0,0,,200,,
4,0,,0,0,0,0,0,0,0,0,0,0,,200,,
4,4,,0,0,0,0,1,0,0,0,0,0,,100,,
4,4,,0,0,0,0,1,0,0,0,0,0,,100,,
4,0,,0,0,0,0,0,0,0,0,0,0,,100,,
4,4,,0,0,0,0,1,0,0,0,0,0,,200,,
4,4,,0,0,0,0,1,0,0,0,0,0,,100,,
4,0,,0,0,0,0,0,0,0,0,0,0,,100,,
4,0,,0,0,0,0,0,0,0,0,0,0,,300,,
4,4,,0,0,0,0,1,0,0,0,0,0,,100,,
4,0,,0,0,0,0,0,0,0,0,0,0,,100,,
4,4,,0,0,0,0,1,0,0,0,0,0,,100,,
4,0,,0,0,0,0,0,0,0,0,0,0,,200,,
4,4,,0,0,0,0,1,0,0,0,0,0,,200,,
4,0,,0,0,0,0,0,0,0,0,0,0,,100,,
4,0,,0,0,0,0,0,0,0,0,0,0,,200,,
4,6,,0,0,0,0,0,0,1,0,0,0,,300,,
4,0,,0,0,0,0,0,0,0,0,0,0,,200,,
4,0,,0,0,0,0,0,0,0,0,0,0,,200,,
4,4,,0,0,0,0,1,0,0,0,0,0,,100,,
4,0,,0,0,0,0,0,0,0,0,0,0,,600,,
4,0,,0,0,0,0,0,0,0,0,0,0,,100,,
4,4,,0,0,0,0,1,0,0,0,0,0,,100,,
4,0,,0,0,0,0,0,0,0,0,0,0,,200,,
4,7,,0,0,0,0,0,0,0,1,0,0,,0,,
4,0,,0,0,0,0,0,0,0,0,0,0,,300,,
4,4,,0,0,0,0,1,0,0,0,0,0,,200,,
4,0,,0,0,0,0,0,0,0,0,0,0,,200,,
4,4,,0,0,0,0,1,0,0,0,0,0,,0,,
4,6,,0,0,0,0,0,0,1,0,0,0,,200,,
4,6,,0,0,0,0,0,0,1,0,0,0,,200,,
4,4,,0,0,0,0,1,0,0,0,0,0,,0,,
4,0,,0,0,0,0,0,0,0,0,0,0,,200,,
5,5,,0,0,0,0,0,1,0,0,0,0,,200,,
5,0,,0,0,0,0,0,0,0,0,0,0,,400,,
5,3,,0,0,0,1,0,0,0,0,0,0,,200,,
5,2,,0,0,1,0,0,0,0,0,0,0,,100,,
5,5,,0,0,0,0,0,1,0,0,0,0,,600,,
5,0,,0,0,0,0,0,0,0,0,0,0,,300,,
5,0,,0,0,0,0,0,0,0,0,0,0,,200,,
5,5,,0,0,0,0,0,1,0,0,0,0,,300,,
5,0,,0,0,0,0,0,0,0,0,0,0,,200,,
5,0,,0,0,0,0,0,0,0,0,0,0,,400,,
5,5,,0,0,0,0,0,1,0,0,0,0,,200,,
5,0,,0,0,0,0,0,0,0,0,0,0,,400,,
5,3,,0,0,0,1,0,0,0,0,0,0,,100,,
5,5,,0,0,0,0,0,1,0,0,0,0,,100,,
5,5,,0,0,0,0,0,1,0,0,0,0,,400,,
5,5,,0,0,0,0,0,1,0,0,0,0,,300,,
5,5,,0,0,0,0,0,1,0,0,0,0,,200,,
5,0,,0,0,0,0,0,0,0,0,0,0,,200,,
5,0,,0,0,0,0,0,0,0,0,0,0,,200,,
5,0,,0,0,0,0,0,0,0,0,0,0,,300,,
5,0,,0,0,0,0,0,0,0,0,0,0,,100,,
5,0,,0,0,0,0,0,0,0,0,0,0,,400,,
5,5,,0,0,0,0,0,1,0,0,0,0,,300,,
5,5,,0,0,0,0,0,1,0,0,0,0,,0,,
5,0,,0,0,0,0,0,0,0,0,0,0,,200,,
5,5,,0,0,0,0,0,1,0,0,0,0,,200,,
5,0,,0,0,0,0,0,0,0,0,0,0,,100,,
5,0,,0,0,0,0,0,0,0,0,0,0,,200,,
5,5,,0,0,0,0,0,1,0,0,0,0,,200,,
5,5,,0,0,0,0,0,1,0,0,0,0,,200,,
5,5,,0,0,0,0,0,1,0,0,0,0,,200,,
5,5,,0,0,0,0,0,1,0,0,0,0,,400,,
5,5,,0,0,0,0,0,1,0,0,0,0,,100,,
5,5,,0,0,0,0,0,1,0,0,0,0,,200,,
5,5,,0,0,0,0,0,1,0,0,0,0,,100,,
5,0,,0,0,0,0,0,0,0,0,0,0,,500,,
5,0,,0,0,0,0,0,0,0,0,0,0,,300,,
5,5,,0,0,0,0,0,1,0,0,0,0,,100,,
5,0,,0,0,0,0,0,0,0,0,0,0,,200,,
5,0,,0,0,0,0,0,0,0,0,0,0,,400,,
5,0,,0,0,0,0,0,0,0,0,0,0,,100,,
5,0,,0,0,0,0,0,0,0,0,0,0,,200,,
5,0,,0,0,0,0,0,0,0,0,0,0,,400,,
5,5,,0,0,0,0,0,1,0,0,0,0,,200,,
5,9,,0,0,0,0,0,0,0,0,0,1,,100,,
5,5,,0,0,0,0,0,1,0,0,0,0,,200,,
5,5,,0,0,0,0,0,1,0,0,0,0,,0,,
5,5,,0,0,0,0,0,1,0,0,0,0,,200,,
5,3,,0,0,0,1,0,0,0,0,0,0,,100,,
5,0,,0,0,0,0,0,0,0,0,0,0,,200,,
5,0,,0,0,0,0,0,0,0,0,0,0,,600,,
5,5,,0,0,0,0,0,1,0,0,0,0,,300,,
5,5,,0,0,0,0,0,1,0,0,0,0,,300,,
5,0,,0,0,0,0,0,0,0,0,0,0,,400,,
5,5,,0,0,0,0,0,1,0,0,0,0,,900,,
5,5,,0,0,0,0,0,1,0,0,0,0,,100,,
5,5,,0,0,0,0,0,1,0,0,0,0,,0,,
5,0,,0,0,0,0,0,0,0,0,0,0,,400,,
5,2,,0,0,1,0,0,0,0,0,0,0,,200,,
5,0,,0,0,0,0,0,0,0,0,0,0,,100,,
5,5,,0,0,0,0,0,1,0,0,0,0,,200,,
5,0,,0,0,0,0,0,0,0,0,0,0,,200,,
5,5,,0,0,0,0,0,1,0,0,0,0,,100,,
5,0,,0,0,0,0,0,0,0,0,0,0,,200,,
5,5,,0,0,0,0,0,1,0,0,0,0,,100,,
5,5,,0,0,0,0,0,1,0,0,0,0,,0,,
5,5,,0,0,0,0,0,1,0,0,0,0,,200,,
5,0,,0,0,0,0,0,0,0,0,0,0,,200,,
5,0,,0,0,0,0,0,0,0,0,0,0,,300,,
5,5,,0,0,0,0,0,1,0,0,0,0,,600,,
5,3,,0,0,0,1,0,0,0,0,0,0,,0,,
5,5,,0,0,0,0,0,1,0,0,0,0,,100,,
5,5,,0,0,0,0,0,1,0,0,0,0,,100,,
5,0,,0,0,0,0,0,0,0,0,0,0,,200,,
5,0,,0,0,0,0,0,0,0,0,0,0,,300,,
5,0,,0,0,0,0,0,0,0,0,0,0,,100,,
5,5,,0,0,0,0,0,1,0,0,0,0,,100,,
5,0,,0,0,0,0,0,0,0,0,0,0,,100,,
5,0,,0,0,0,0,0,0,0,0,0,0,,0,,
5,0,,0,0,0,0,0,0,0,0,0,0,,500,,
5,0,,0,0,0,0,0,0,0,0,0,0,,100,,
5,5,,0,0,0,0,0,1,0,0,0,0,,100,,
5,5,,0,0,0,0,0,1,0,0,0,0,,100,,
5,0,,0,0,0,0,0,0,0,0,0,0,,100,,
5,9,,0,0,0,0,0,0,0,0,0,1,,200,,
5,0,,0,0,0,0,0,0,0,0,0,0,,200,,
5,0,,0,0,0,0,0,0,0,0,0,0,,100,,
5,5,,0,0,0,0,0,1,0,0,0,0,,200,,
5,0,,0,0,0,0,0,0,0,0,0,0,,500,,
5,0,,0,0,0,0,0,0,0,0,0,0,,200,,
5,0,,0,0,0,0,0,0,0,0,0,0,,100,,
5,0,,0,0,0,0,0,0,0,0,0,0,,100,,
5,0,,0,0,0,0,0,0,0,0,0,0,,200,,
5,5,,0,0,0,0,0,1,0,0,0,0,,200,,
5,0,,0,0,0,0,0,0,0,0,0,0,,400,,
5,5,,0,0,0,0,0,1,0,0,0,0,,200,,
5,0,,0,0,0,0,0,0,0,0,0,0,,300,,
5,0,,0,0,0,0,0,0,0,0,0,0,,200,,
5,5,,0,0,0,0,0,1,0,0,0,0,,0,,
5,0,,0,0,0,0,0,0,0,0,0,0,,500,,
5,0,,0,0,0,0,0,0,0,0,0,0,,200,,
5,0,,0,0,0,0,0,0,0,0,0,0,,200,,
5,5,,0,0,0,0,0,1,0,0,0,0,,100,,
5,0,,0,0,0,0,0,0,0,0,0,0,,200,,
5,5,,0,0,0,0,0,1,0,0,0,0,,100,,
5,0,,0,0,0,0,0,0,0,0,0,0,,500,,
5,5,,0,0,0,0,0,1,0,0,0,0,,0,,
5,0,,0,0,0,0,0,0,0,0,0,0,,400,,
5,5,,0,0,0,0,0,1,0,0,0,0,,100,,
5,5,,0,0,0,0,0,1,0,0,0,0,,200,,
5,5,,0,0,0,0,0,1,0,0,0,0,,100,,
5,0,,0,0,0,0,0,0,0,0,0,0,,400,,
5,0,,0,0,0,0,0,0,0,0,0,0,,300,,
5,5,,0,0,0,0,0,1,0,0,0,0,,200,,
5,0,,0,0,0,0,0,0,0,0,0,0,,200,,
5,5,,0,0,0,0,0,1,0,0,0,0,,300,,
5,1,,0,1,0,0,0,0,0,0,0,0,,400,,
5,9,,0,0,0,0,0,0,0,0,0,1,,100,,
5,0,,0,0,0,0,0,0,0,0,0,0,,100,,
5,5,,0,0,0,0,0,1,0,0,0,0,,200,,
5,5,,0,0,0,0,0,1,0,0,0,0,,100,,
5,0,,0,0,0,0,0,0,0,0,0,0,,300,,
5,5,,0,0,0,0,0,1,0,0,0,0,,100,,
5,5,,0,0,0,0,0,1,0,0,0,0,,200,,
5,5,,0,0,0,0,0,1,0,0,0,0,,200,,
5,0,,0,0,0,0,0,0,0,0,0,0,,100,,
5,5,,0,0,0,0,0,1,0,0,0,0,,100,,
5,0,,0,0,0,0,0,0,0,0,0,0,,100,,
5,0,,0,0,0,0,0,0,0,0,0,0,,300,,
5,2,,0,0,1,0,0,0,0,0,0,0,,100,,
5,0,,0,0,0,0,0,0,0,0,0,0,,0,,
5,5,,0,0,0,0,0,1,0,0,0,0,,300,,
5,5,,0,0,0,0,0,1,0,0,0,0,,100,,
5,0,,0,0,0,0,0,0,0,0,0,0,,100,,
5,5,,0,0,0,0,0,1,0,0,0,0,,0,,
5,5,,0,0,0,0,0,1,0,0,0,0,,0,,
5,0,,0,0,0,0,0,0,0,0,0,0,,100,,
5,0,,0,0,0,0,0,0,0,0,0,0,,200,,
5,5,,0,0,0,0,0,1,0,0,0,0,,100,,
5,5,,0,0,0,0,0,1,0,0,0,0,,0,,
5,5,,0,0,0,0,0,1,0,0,0,0,,200,,
5,0,,0,0,0,0,0,0,0,0,0,0,,200,,
5,0,,0,0,0,0,0,0,0,0,0,0,,200,,
5,5,,0,0,0,0,0,1,0,0,0,0,,200,,
5,3,,0,0,0,1,0,0,0,0,0,0,,100,,
5,5,,0,0,0,0,0,1,0,0,0,0,,200,,
5,5,,0,0,0,0,0,1,0,0,0,0,,400,,
5,0,,0,0,0,0,0,0,0,0,0,0,,200,,
5,5,,0,0,0,0,0,1,0,0,0,0,,100,,
5,5,,0,0,0,0,0,1,0,0,0,0,,300,,
5,5,,0,0,0,0,0,1,0,0,0,0,,100,,
5,5,,0,0,0,0,0,1,0,0,0,0,,100,,
5,5,,0,0,0,0,0,1,0,0,0,0,,200,,
5,0,,0,0,0,0,0,0,0,0,0,0,,100,,
5,0,,0,0,0,0,0,0,0,0,0,0,,200,,
5,5,,0,0,0,0,0,1,0,0,0,0,,100,,
5,5,,0,0,0,0,0,1,0,0,0,0,,100,,
5,5,,0,0,0,0,0,1,0,0,0,0,,0,,
5,0,,0,0,0,0,0,0,0,0,0,0,,300,,
5,3,,0,0,0,1,0,0,0,0,0,0,,100,,
5,0,,0,0,0,0,0,0,0,0,0,0,,300,,
5,9,,0,0,0,0,0,0,0,0,0,1,,500,,
5,5,,0,0,0,0,0,1,0,0,0,0,,100,,
5,5,,0,0,0,0,0,1,0,0,0,0,,100,,
5,0,,0,0,0,0,0,0,0,0,0,0,,300,,
5,5,,0,0,0,0,0,1,0,0,0,0,,100,,
5,5,,0,0,0,0,0,1,0,0,0,0,,100,,
5,0,,0,0,0,0,0,0,0,0,0,0,,100,,
5,5,,0,0,0,0,0,1,0,0,0,0,,100,,
5,5,,0,0,0,0,0,1,0,0,0,0,,100,,
5,0,,0,0,0,0,0,0,0,0,0,0,,0,,
5,9,,0,0,0,0,0,0,0,0,0,1,,500,,
5,5,,0,0,0,0,0,1,0,0,0,0,,100,,
5,5,,0,0,0,0,0,1,0,0,0,0,,300,,
5,9,,0,0,0,0,0,0,0,0,0,1,,200,,
5,0,,0,0,0,0,0,0,0,0,0,0,,100,,
5,0,,0,0,0,0,0,0,0,0,0,0,,200,,
5,0,,0,0,0,0,0,0,0,0,0,0,,500,,
5,5,,0,0,0,0,0,1,0,0,0,0,,100,,
5,0,,0,0,0,0,0,0,0,0,0,0,,300,,
5,0,,0,0,0,0,0,0,0,0,0,0,,100,,
5,5,,0,0,0,0,0,1,0,0,0,0,,200,,
5,0,,0,0,0,0,0,0,0,0,0,0,,500,,
5,5,,0,0,0,0,0,1,0,0,0,0,,100,,
5,0,,0,0,0,0,0,0,0,0,0,0,,100,,
5,5,,0,0,0,0,0,1,0,0,0,0,,0,,
5,0,,0,0,0,0,0,0,0,0,0,0,,100,,
5,3,,0,0,0,1,0,0,0,0,0,0,,200,,
5,0,,0,0,0,0,0,0,0,0,0,0,,200,,
5,0,,0,0,0,0,0,0,0,0,0,0,,100,,
5,1,,0,1,0,0,0,0,0,0,0,0,,0,,
5,5,,0,0,0,0,0,1,0,0,0,0,,100,,
5,0,,0,0,0,0,0,0,0,0,0,0,,200,,
5,0,,0,0,0,0,0,0,0,0,0,0,,300,,
5,0,,0,0,0,0,0,0,0,0,0,0,,400,,
5,0,,0,0,0,0,0,0,0,0,0,0,,100,,
5,0,,0,0,0,0,0,0,0,0,0,0,,200,,
5,3,,0,0,0,1,0,0,0,0,0,0,,200,,
5,5,,0,0,0,0,0,1,0,0,0,0,,100,,
5,0,,0,0,0,0,0,0,0,0,0,0,,300,,
5,5,,0,0,0,0,0,1,0,0,0,0,,100,,
5,0,,0,0,0,0,0,0,0,0,0,0,,400,,
5,5,,0,0,0,0,0,1,0,0,0,0,,100,,
5,0,,0,0,0,0,0,0,0,0,0,0,,200,,
5,0,,0,0,0,0,0,0,0,0,0,0,,300,,
5,5,,0,0,0,0,0,1,0,0,0,0,,200,,
5,0,,0,0,0,0,0,0,0,0,0,0,,400,,
5,5,,0,0,0,0,0,1,0,0,0,0,,200,,
5,9,,0,0,0,0,0,0,0,0,0,1,,200,,
5,0,,0,0,0,0,0,0,0,0,0,0,,200,,
5,5,,0,0,0,0,0,1,0,0,0,0,,0,,
6,6,,0,0,0,0,0,0,1,0,0,0,,200,,
6,0,,0,0,0,0,0,0,0,0,0,0,,100,,
6,0,,0,0,0,0,0,0,0,0,0,0,,900,,
6,0,,0,0,0,0,0,0,0,0,0,0,,100,,
6,0,,0,0,0,0,0,0,0,0,0,0,,300,,
6,0,,0,0,0,0,0,0,0,0,0,0,,300,,
6,4,,0,0,0,0,1,0,0,0,0,0,,200,,
6,4,,0,0,0,0,1,0,0,0,0,0,,200,,
6,0,,0,0,0,0,0,0,0,0,0,0,,300,,
6,7,,0,0,0,0,0,0,0,1,0,0,,200,,
6,6,,0,0,0,0,0,0,1,0,0,0,,200,,
6,6,,0,0,0,0,0,0,1,0,0,0,,400,,
6,0,,0,0,0,0,0,0,0,0,0,0,,300,,
6,0,,0,0,0,0,0,0,0,0,0,0,,0,,
6,6,,0,0,0,0,0,0,1,0,0,0,,400,,
6,6,,0,0,0,0,0,0,1,0,0,0,,200,,
6,0,,0,0,0,0,0,0,0,0,0,0,,400,,
6,4,,0,0,0,0,1,0,0,0,0,0,,200,,
6,0,,0,0,0,0,0,0,0,0,0,0,,200,,
6,6,,0,0,0,0,0,0,1,0,0,0,,300,,
6,6,,0,0,0,0,0,0,1,0,0,0,,200,,
6,0,,0,0,0,0,0,0,0,0,0,0,,200,,
6,4,,0,0,0,0,1,0,0,0,0,0,,100,,
6,6,,0,0,0,0,0,0,1,0,0,0,,200,,
6,0,,0,0,0,0,0,0,0,0,0,0,,500,,
6,6,,0,0,0,0,0,0,1,0,0,0,,400,,
6,6,,0,0,0,0,0,0,1,0,0,0,,100,,
6,6,,0,0,0,0,0,0,1,0,0,0,,200,,
6,6,,0,0,0,0,0,0,1,0,0,0,,200,,
6,0,,0,0,0,0,0,0,0,0,0,0,,200,,
6,0,,0,0,0,0,0,0,0,0,0,0,,100,,
6,0,,0,0,0,0,0,0,0,0,0,0,,300,,
6,0,,0,0,0,0,0,0,0,0,0,0,,200,,
6,0,,1,0,0,0,0,0,0,0,0,0,,200,,
6,0,,0,0,0,0,0,0,0,0,0,0,,400,,
6,0,,0,0,0,0,0,0,0,0,0,0,,500,,
6,0,,0,0,0,0,0,0,0,0,0,0,,400,,
6,0,,0,0,0,0,0,0,0,0,0,0,,200,,
6,6,,0,0,0,0,0,0,1,0,0,0,,100,,
6,6,,0,0,0,0,0,0,1,0,0,0,,300,,
6,7,,0,0,0,0,0,0,0,1,0,0,,200,,
6,0,,0,0,0,0,0,0,0,0,0,0,,0,,
6,0,,0,0,0,0,0,0,0,0,0,0,,800,,
6,6,,0,0,0,0,0,0,1,0,0,0,,200,,
6,6,,0,0,0,0,0,0,1,0,0,0,,100,,
6,6,,0,0,0,0,0,0,1,0,0,0,,300,,
6,0,,0,0,0,0,0,0,0,0,0,0,,300,,
6,6,,0,0,0,0,0,0,1,0,0,0,,200,,
6,6,,0,0,0,0,0,0,1,0,0,0,,100,,
6,0,,0,0,0,0,0,0,0,0,0,0,,400,,
6,6,,0,0,0,0,0,0,1,0,0,0,,500,,
6,6,,0,0,0,0,0,0,1,0,0,0,,500,,
6,6,,0,0,0,0,0,0,1,0,0,0,,100,,
6,0,,0,0,0,0,0,0,0,0,0,0,,300,,
6,6,,0,0,0,0,0,0,1,0,0,0,,200,,
6,6,,0,0,0,0,0,0,1,0,0,0,,300,,
6,0,,0,0,0,0,0,0,0,0,0,0,,100,,
6,6,,0,0,0,0,0,0,1,0,0,0,,0,,
6,4,,0,0,0,0,1,0,0,0,0,0,,100,,
6,0,,0,0,0,0,0,0,0,0,0,0,,100,,
6,0,,0,0,0,0,0,0,0,0,0,0,,500,,
6,0,,0,0,0,0,0,0,0,0,0,0,,400,,
6,0,,0,0,0,0,0,0,0,0,0,0,,200,,
6,0,,0,0,0,0,0,0,0,0,0,0,,300,,
6,0,,0,0,0,0,0,0,0,0,0,0,,300,,
6,7,,0,0,0,0,0,0,0,1,0,0,,200,,
6,2,,0,0,1,0,0,0,0,0,0,0,,100,,
6,7,,0,0,0,0,0,0,0,1,0,0,,100,,
6,0,,0,0,0,0,0,0,0,0,0,0,,100,,
6,0,,0,0,0,0,0,0,0,0,0,0,,300,,
6,0,,0,0,0,0,0,0,0,0,0,0,,400,,
6,6,,0,0,0,0,0,0,1,0,0,0,,100,,
6,0,,0,0,0,0,0,0,0,0,0,0,,100,,
6,4,,0,0,0,0,1,0,0,0,0,0,,400,,
6,0,,0,0,0,0,0,0,0,0,0,0,,200,,
6,0,,0,0,0,0,0,0,0,0,0,0,,200,,
6,6,,0,0,0,0,0,0,1,0,0,0,,100,,
6,0,,0,0,0,0,0,0,0,0,0,0,,100,,
6,0,,0,0,0,0,0,0,0,0,0,0,,100,,
6,6,,0,0,0,0,0,0,1,0,0,0,,400,,
6,0,,0,0,0,0,0,0,0,0,0,0,,200,,
6,2,,0,0,1,0,0,0,0,0,0,0,,100,,
6,6,,0,0,0,0,0,0,1,0,0,0,,0,,
6,0,,0,0,0,0,0,0,0,0,0,0,,100,,
6,6,,0,0,0,0,0,0,1,0,0,0,,400,,
6,6,,0,0,0,0,0,0,1,0,0,0,,100,,
6,8,,0,0,0,0,0,0,0,0,1,0,,300,,
6,0,,0,0,0,0,0,0,0,0,0,0,,200,,
6,7,,0,0,0,0,0,0,0,1,0,0,,0,,
6,6,,0,0,0,0,0,0,1,0,0,0,,200,,
6,6,,0,0,0,0,0,0,1,0,0,0,,500,,
6,6,,0,0,0,0,0,0,1,0,0,0,,300,,
6,4,,0,0,0,0,1,0,0,0,0,0,,100,,
6,4,,0,0,0,0,1,0,0,0,0,0,,500,,
6,6,,0,0,0,0,0,0,1,0,0,0,,200,,
6,0,,0,0,0,0,0,0,0,0,0,0,,200,,
6,0,,0,0,0,0,0,0,0,0,0,0,,400,,
6,9,,0,0,0,0,0,0,0,0,0,1,,100,,
6,0,,0,0,0,0,0,0,0,0,0,0,,600,,
6,6,,0,0,0,0,0,0,1,0,0,0,,100,,
6,6,,0,0,0,0,0,0,1,0,0,0,,300,,
6,6,,0,0,0,0,0,0,1,0,0,0,,300,,
6,0,,0,0,0,0,0,0,0,0,0,0,,100,,
6,0,,0,0,0,0,0,0,0,0,0,0,,0,,
6,6,,0,0,0,0,0,0,1,0,0,0,,400,,
6,6,,0,0,0,0,0,0,1,0,0,0,,200,,
6,0,,0,0,0,0,0,0,0,0,0,0,,0,,
6,0,,0,0,0,0,0,0,0,0,0,0,,300,,
6,0,,0,0,0,0,0,0,0,0,0,0,,100,,
6,6,,0,0,0,0,0,0,1,0,0,0,,100,,
6,0,,0,0,0,0,0,0,0,0,0,0,,400,,
6,6,,0,0,0,0,0,0,1,0,0,0,,0,,
6,0,,0,0,0,0,0,0,0,0,0,0,,100,,
6,0,,0,0,0,0,0,0,0,0,0,0,,500,,
6,6,,0,0,0,0,0,0,1,0,0,0,,100,,
6,0,,0,0,0,0,0,0,0,0,0,0,,100,,
6,4,,0,0,0,0,1,0,0,0,0,0,,100,,
6,0,,0,0,0,0,0,0,0,0,0,0,,100,,
6,0,,0,0,0,0,0,0,0,0,0,0,,200,,
6,6,,0,0,0,0,0,0,1,0,0,0,,800,,
6,6,,0,0,0,0,0,0,1,0,0,0,,200,,
6,0,,0,0,0,0,0,0,0,0,0,0,,100,,
6,4,,0,0,0,0,1,0,0,0,0,0,,100,,
6,6,,0,0,0,0,0,0,1,0,0,0,,100,,
6,6,,0,0,0,0,0,0,1,0,0,0,,200,,
6,0,,0,0,0,0,0,0,0,0,0,0,,300,,
6,0,,0,0,0,0,0,0,0,0,0,0,,200,,
6,6,,0,0,0,0,0,0,1,0,0,0,,0,,
6,6,,0,0,0,0,0,0,1,0,0,0,,100,,
6,0,,0,0,0,0,0,0,0,0,0,0,,100,,
6,6,,0,0,0,0,0,0,1,0,0,0,,300,,
6,0,,0,0,0,0,0,0,0,0,0,0,,200,,
6,6,,0,0,0,0,0,0,1,0,0,0,,200,,
6,0,,0,0,0,0,0,0,0,0,0,0,,200,,
6,6,,0,0,0,0,0,0,1,0,0,0,,100,,
6,0,,0,0,0,0,0,0,0,0,0,0,,200,,
6,6,,0,0,0,0,0,0,1,0,0,0,,100,,
6,0,,0,0,0,0,0,0,0,0,0,0,,500,,
6,0,,0,0,0,0,0,0,0,0,0,0,,200,,
6,6,,0,0,0,0,0,0,1,0,0,0,,100,,
6,6,,0,0,0,0,0,0,1,0,0,0,,100,,
6,0,,0,0,0,0,0,0,0,0,0,0,,200,,
6,2,,0,0,1,0,0,0,0,0,0,0,,100,,
6,6,,0,0,0,0,0,0,1,0,0,0,,100,,
6,0,,0,0,0,0,0,0,0,0,0,0,,100,,
6,0,,0,0,0,0,0,0,0,0,0,0,,600,,
6,9,,0,0,0,0,0,0,0,0,0,1,,200,,
6,6,,0,0,0,0,0,0,1,0,0,0,,300,,
6,0,,0,0,0,0,0,0,0,0,0,0,,100,,
6,6,,0,0,0,0,0,0,1,0,0,0,,500,,
6,6,,0,0,0,0,0,0,1,0,0,0,,100,,
6,0,,0,0,0,0,0,0,0,0,0,0,,200,,
6,0,,0,0,0,0,0,0,0,0,0,0,,300,,
6,0,,0,0,0,0,0,0,0,0,0,0,,300,,
6,0,,0,0,0,0,0,0,0,0,0,0,,200,,
6,4,,0,0,0,0,1,0,0,0,0,0,,400,,
6,0,,0,0,0,0,0,0,0,0,0,0,,300,,
6,0,,0,0,0,0,0,0,0,0,0,0,,400,,
6,6,,0,0,0,0,0,0,1,0,0,0,,100,,
6,6,,0,0,0,0,0,0,1,0,0,0,,100,,
6,0,,0,0,0,0,0,0,0,0,0,0,,100,,
6,0,,0,0,0,0,0,0,0,0,0,0,,400,,
6,6,,0,0,0,0,0,0,1,0,0,0,,100,,
6,7,,0,0,0,0,0,0,0,1,0,0,,500,,
6,0,,0,0,0,0,0,0,0,0,0,0,,600,,
6,6,,0,0,0,0,0,0,1,0,0,0,,300,,
6,6,,0,0,0,0,0,0,1,0,0,0,,0,,
6,4,,0,0,0,0,1,0,0,0,0,0,,300,,
6,6,,0,0,0,0,0,0,1,0,0,0,,400,,
6,0,,1,0,0,0,0,0,0,0,0,0,,300,,
6,2,,0,0,1,0,0,0,0,0,0,0,,0,,
6,0,,0,0,0,0,0,0,0,0,0,0,,400,,
6,4,,0,0,0,0,1,0,0,0,0,0,,100,,
6,4,,0,0,0,0,1,0,0,0,0,0,,100,,
6,0,,0,0,0,0,0,0,0,0,0,0,,100,,
6,6,,0,0,0,0,0,0,1,0,0,0,,300,,
6,4,,0,0,0,0,1,0,0,0,0,0,,100,,
6,6,,0,0,0,0,0,0,1,0,0,0,,100,,
6,0,,0,0,0,0,0,0,0,0,0,0,,500,,
6,0,,0,0,0,0,0,0,0,0,0,0,,300,,
6,6,,0,0,0,0,0,0,1,0,0,0,,300,,
6,6,,0,0,0,0,0,0,1,0,0,0,,100,,
6,6,,0,0,0,0,0,0,1,0,0,0,,300,,
6,6,,0,0,0,0,0,0,1,0,0,0,,100,,
6,4,,0,0,0,0,1,0,0,0,0,0,,100,,
6,0,,0,0,0,0,0,0,0,0,0,0,,400,,
6,6,,0,0,0,0,0,0,1,0,0,0,,200,,
6,6,,0,0,0,0,0,0,1,0,0,0,,100,,
6,2,,0,0,1,0,0,0,0,0,0,0,,100,,
6,6,,0,0,0,0,0,0,1,0,0,0,,200,,
6,0,,0,0,0,0,0,0,0,0,0,0,,400,,
6,2,,0,0,1,0,0,0,0,0,0,0,,100,,
6,0,,0,0,0,0,0,0,0,0,0,0,,200,,
6,6,,0,0,0,0,0,0,1,0,0,0,,400,,
6,0,,0,0,0,0,0,0,0,0,0,0,,400,,
6,6,,0,0,0,0,0,0,1,0,0,0,,100,,
6,0,,0,0,0,0,0,0,0,0,0,0,,300,,
6,0,,0,0,0,0,0,0,0,0,0,0,,400,,
6,0,,0,0,0,0,0,0,0,0,0,0,,300,,
6,0,,0,0,0,0,0,0,0,0,0,0,,600,,
6,6,,0,0,0,0,0,0,1,0,0,0,,200,,
6,9,,0,0,0,0,0,0,0,0,0,1,,400,,
6,6,,0,0,0,0,0,0,1,0,0,0,,300,,
6,6,,0,0,0,0,0,0,1,0,0,0,,100,,
6,0,,0,0,0,0,0,0,0,0,0,0,,200,,
6,6,,0,0,0,0,0,0,1,0,0,0,,100,,
6,0,,0,0,0,0,0,0,0,0,0,0,,800,,
6,6,,0,0,0,0,0,0,1,0,0,0,,100,,
6,0,,0,0,0,0,0,0,0,0,0,0,,300,,
6,0,,0,0,0,0,0,0,0,0,0,0,,100,,
6,0,,0,0,0,0,0,0,0,0,0,0,,600,,
6,0,,0,0,0,0,0,0,0,0,0,0,,400,,
7,1,,0,1,0,0,0,0,0,0,0,0,,300,,
7,9,,0,0,0,0,0,0,0,0,0,1,,100,,
7,0,,0,0,0,0,0,0,0,0,0,0,,200,,
7,0,,0,0,0,0,0,0,0,0,0,0,,200,,
7,0,,0,0,0,0,0,0,0,0,0,0,,200,,
7,7,,0,0,0,0,0,0,0,1,0,0,,200,,
7,7,,0,0,0,0,0,0,0,1,0,0,,100,,
7,7,,0,0,0,0,0,0,0,1,0,0,,200,,
7,0,,0,0,0,0,0,0,0,0,0,0,,400,,
7,0,,0,0,0,0,0,0,0,0,0,0,,400,,
7,7,,0,0,0,0,0,0,0,1,0,0,,300,,
7,0,,0,0,0,0,0,0,0,0,0,0,,200,,
7,0,,0,0,0,0,0,0,0,0,0,0,,200,,
7,7,,0,0,0,0,0,0,0,1,0,0,,400,,
7,7,,0,0,0,0,0,0,0,1,0,0,,100,,
7,7,,0,0,0,0,0,0,0,1,0,0,,200,,
7,0,,0,0,0,0,0,0,0,0,0,0,,100,,
7,0,,0,0,0,0,0,0,0,0,0,0,,500,,
7,6,,0,0,0,0,0,0,1,0,0,0,,100,,
7,0,,0,0,0,0,0,0,0,0,0,0,,100,,
7,0,,0,0,0,0,0,0,0,0,0,0,,300,,
7,7,,0,0,0,0,0,0,0,1,0,0,,100,,
7,4,,0,0,0,0,1,0,0,0,0,0,,400,,
7,7,,0,0,0,0,0,0,0,1,0,0,,200,,
7,0,,0,0,0,0,0,0,0,0,0,0,,400,,
7,0,,0,0,0,0,0,0,0,0,0,0,,0,,
7,0,,0,0,0,0,0,0,0,0,0,0,,500,,
7,0,,0,0,0,0,0,0,0,0,0,0,,600,,
7,0,,0,0,0,0,0,0,0,0,0,0,,100,,
7,0,,0,0,0,0,0,0,0,0,0,0,,400,,
7,0,,0,0,0,0,0,0,0,0,0,0,,100,,
7,7,,0,0,0,0,0,0,0,1,0,0,,100,,
7,7,,0,0,0,0,0,0,0,1,0,0,,400,,
7,0,,0,0,0,0,0,0,0,0,0,0,,100,,
7,6,,0,0,0,0,0,0,1,0,0,0,,300,,
7,7,,0,0,0,0,0,0,0,1,0,0,,300,,
7,0,,0,0,0,0,0,0,0,0,0,0,,400,,
7,7,,0,0,0,0,0,0,0,1,0,0,,300,,
7,0,,0,0,0,0,0,0,0,0,0,0,,200,,
7,7,,0,0,0,0,0,0,0,1,0,0,,200,,
7,0,,0,0,0,0,0,0,0,0,0,0,,200,,
7,7,,0,0,0,0,0,0,0,1,0,0,,100,,
7,7,,0,0,0,0,0,0,0,1,0,0,,0,,
7,0,,0,0,0,0,0,0,0,0,0,0,,300,,
7,0,,0,0,0,0,0,0,0,0,0,0,,300,,
7,7,,0,0,0,0,0,0,0,1,0,0,,200,,
7,2,,0,0,1,0,0,0,0,0,0,0,,100,,
7,2,,0,0,1,0,0,0,0,0,0,0,,200,,
7,0,,0,0,0,0,0,0,0,0,0,0,,400,,
7,2,,0,0,1,0,0,0,0,0,0,0,,200,,
7,0,,0,0,0,0,0,0,0,0,0,0,,100,,
7,7,,0,0,0,0,0,0,0,1,0,0,,200,,
7,7,,0,0,0,0,0,0,0,1,0,0,,100,,
7,8,,0,0,0,0,0,0,0,0,1,0,,100,,
7,7,,0,0,0,0,0,0,0,1,0,0,,300,,
7,0,,0,0,0,0,0,0,0,0,0,0,,200,,
7,7,,0,0,0,0,0,0,0,1,0,0,,500,,
7,1,,0,1,0,0,0,0,0,0,0,0,,200,,
7,0,,0,0,0,0,0,0,0,0,0,0,,200,,
7,0,,0,0,0,0,0,0,0,0,0,0,,200,,
7,0,,0,0,0,0,0,0,0,0,0,0,,200,,
7,6,,0,0,0,0,0,0,1,0,0,0,,100,,
7,0,,0,0,0,0,0,0,0,0,0,0,,300,,
7,7,,0,0,0,0,0,0,0,1,0,0,,200,,
7,0,,0,0,0,0,0,0,0,0,0,0,,0,,
7,4,,0,0,0,0,1,0,0,0,0,0,,200,,
7,0,,0,0,0,0,0,0,0,0,0,0,,400,,
7,7,,0,0,0,0,0,0,0,1,0,0,,100,,
7,0,,0,0,0,0,0,0,0,0,0,0,,500,,
7,0,,0,0,0,0,0,0,0,0,0,0,,100,,
7,7,,0,0,0,0,0,0,0,1,0,0,,200,,
7,7,,0,0,0,0,0,0,0,1,0,0,,200,,
7,7,,0,0,0,0,0,0,0,1,0,0,,400,,
7,7,,0,0,0,0,0,0,0,1,0,0,,100,,
7,0,,0,0,0,0,0,0,0,0,0,0,,200,,
7,0,,0,0,0,0,0,0,0,0,0,0,,300,,
7,7,,0,0,0,0,0,0,0,1,0,0,,100,,
7,1,,0,1,0,0,0,0,0,0,0,0,,100,,
7,0,,0,0,0,0,0,0,0,0,0,0,,200,,
7,7,,0,0,0,0,0,0,0,1,0,0,,300,,
7,9,,0,0,0,0,0,0,0,0,0,1,,100,,
7,0,,0,0,0,0,0,0,0,0,0,0,,300,,
7,0,,0,0,0,0,0,0,0,0,0,0,,500,,
7,1,,0,1,0,0,0,0,0,0,0,0,,400,,
7,0,,0,0,0,0,0,0,0,0,0,0,,200,,
7,0,,0,0,0,0,0,0,0,0,0,0,,200,,
7,4,,0,0,0,0,1,0,0,0,0,0,,100,,
7,0,,0,0,0,0,0,0,0,0,0,0,,100,,
7,7,,0,0,0,0,0,0,0,1,0,0,,200,,
7,0,,0,0,0,0,0,0,0,0,0,0,,100,,
7,0,,0,0,0,0,0,0,0,0,0,0,,200,,
7,7,,0,0,0,0,0,0,0,1,0,0,,200,,
7,0,,0,0,0,0,0,0,0,0,0,0,,100,,
7,6,,0,0,0,0,0,0,1,0,0,0,,400,,
7,4,,0,0,0,0,1,0,0,0,0,0,,200,,
7,6,,0,0,0,0,0,0,1,0,0,0,,200,,
7,0,,0,0,0,0,0,0,0,0,0,0,,600,,
7,8,,0,0,0,0,0,0,0,0,1,0,,500,,
7,0,,0,0,0,0,0,0,0,0,0,0,,100,,
7,7,,0,0,0,0,0,0,0,1,0,0,,300,,
7,7,,0,0,0,0,0,0,0,1,0,0,,400,,
7,0,,0,0,0,0,0,0,0,0,0,0,,400,,
7,1,,0,1,0,0,0,0,0,0,0,0,,400,,
7,0,,0,0,0,0,0,0,0,0,0,0,,200,,
7,7,,0,0,0,0,0,0,0,1,0,0,,200,,
7,7,,0,0,0,0,0,0,0,1,0,0,,100,,
7,2,,0,0,1,0,0,0,0,0,0,0,,100,,
7,7,,0,0,0,0,0,0,0,1,0,0,,100,,
7,4,,0,0,0,0,1,0,0,0,0,0,,100,,
7,0,,0,0,0,0,0,0,0,0,0,0,,200,,
7,0,,0,0,0,0,0,0,0,0,0,0,,200,,
7,7,,0,0,0,0,0,0,0,1,0,0,,0,,
7,7,,0,0,0,0,0,0,0,1,0,0,,200,,
7,7,,0,0,0,0,0,0,0,1,0,0,,900,,
7,0,,0,0,0,0,0,0,0,0,0,0,,200,,
7,7,,0,0,0,0,0,0,0,1,0,0,,100,,
7,0,,0,0,0,0,0,0,0,0,0,0,,200,,
7,7,,0,0,0,0,0,0,0,1,0,0,,200,,
7,7,,0,0,0,0,0,0,0,1,0,0,,200,,
7,0,,0,0,0,0,0,0,0,0,0,0,,300,,
7,7,,0,0,0,0,0,0,0,1,0,0,,100,,
7,0,,0,0,0,0,0,0,0,0,0,0,,100,,
7,7,,0,0,0,0,0,0,0,1,0,0,,100,,
7,7,,0,0,0,0,0,0,0,1,0,0,,100,,
7,7,,0,0,0,0,0,0,0,1,0,0,,200,,
7,7,,0,0,0,0,0,0,0,1,0,0,,0,,
7,6,,0,0,0,0,0,0,1,0,0,0,,100,,
7,6,,0,0,0,0,0,0,1,0,0,0,,100,,
7,0,,0,0,0,0,0,0,0,0,0,0,,200,,
7,7,,0,0,0,0,0,0,0,1,0,0,,100,,
7,2,,0,0,1,0,0,0,0,0,0,0,,100,,
7,7,,0,0,0,0,0,0,0,1,0,0,,100,,
7,0,,0,0,0,0,0,0,0,0,0,0,,100,,
7,0,,0,0,0,0,0,0,0,0,0,0,,100,,
7,7,,0,0,0,0,0,0,0,1,0,0,,200,,
7,0,,0,0,0,0,0,0,0,0,0,0,,100,,
7,0,,0,0,0,0,0,0,0,0,0,0,,100,,
7,0,,0,0,0,0,0,0,0,0,0,0,,200,,
7,1,,0,1,0,0,0,0,0,0,0,0,,300,,
7,0,,0,0,0,0,0,0,0,0,0,0,,100,,
7,7,,0,0,0,0,0,0,0,1,0,0,,100,,
7,0,,0,0,0,0,0,0,0,0,0,0,,300,,
7,0,,0,0,0,0,0,0,0,0,0,0,,0,,
7,7,,0,0,0,0,0,0,0,1,0,0,,200,,
7,0,,0,0,0,0,0,0,0,0,0,0,,200,,
7,9,,0,0,0,0,0,0,0,0,0,1,,100,,
7,0,,0,0,0,0,0,0,0,0,0,0,,100,,
7,7,,0,0,0,0,0,0,0,1,0,0,,0,,
7,7,,0,0,0,0,0,0,0,1,0,0,,300,,
7,8,,0,0,0,0,0,0,0,0,1,0,,200,,
7,0,,0,0,0,0,0,0,0,0,0,0,,200,,
7,7,,0,0,0,0,0,0,0,1,0,0,,200,,
7,0,,0,0,0,0,0,0,0,0,0,0,,200,,
7,0,,0,0,0,0,0,0,0,0,0,0,,200,,
7,1,,0,1,0,0,0,0,0,0,0,0,,200,,
7,7,,0,0,0,0,0,0,0,1,0,0,,400,,
7,0,,0,0,0,0,0,0,0,0,0,0,,0,,
7,7,,0,0,0,0,0,0,0,1,0,0,,100,,
7,0,,0,0,0,0,0,0,0,0,0,0,,300,,
7,7,,0,0,0,0,0,0,0,1,0,0,,100,,
7,7,,0,0,0,0,0,0,0,1,0,0,,100,,
7,7,,0,0,0,0,0,0,0,1,0,0,,200,,
7,7,,0,0,0,0,0,0,0,1,0,0,,300,,
7,6,,0,0,0,0,0,0,1,0,0,0,,300,,
7,1,,0,1,0,0,0,0,0,0,0,0,,100,,
7,9,,0,0,0,0,0,0,0,0,0,1,,400,,
7,7,,0,0,0,0,0,0,0,1,0,0,,300,,
7,0,,0,0,0,0,0,0,0,0,0,0,,200,,
7,8,,0,0,0,0,0,0,0,0,1,0,,200,,
7,7,,0,0,0,0,0,0,0,1,0,0,,100,,
7,7,,0,0,0,0,0,0,0,1,0,0,,100,,
7,7,,0,0,0,0,0,0,0,1,0,0,,100,,
7,1,,0,1,0,0,0,0,0,0,0,0,,100,,
7,0,,0,0,0,0,0,0,0,0,0,0,,100,,
7,0,,0,0,0,0,0,0,0,0,0,0,,100,,
7,0,,0,0,0,0,0,0,0,0,0,0,,400,,
7,0,,0,0,0,0,0,0,0,0,0,0,,0,,
7,0,,0,0,0,0,0,0,0,0,0,0,,600,,
7,0,,0,0,0,0,0,0,0,0,0,0,,100,,
7,0,,0,0,0,0,0,0,0,0,0,0,,300,,
7,7,,0,0,0,0,0,0,0,1,0,0,,0,,
7,2,,0,0,1,0,0,0,0,0,0,0,,100,,
7,2,,0,0,1,0,0,0,0,0,0,0,,200,,
7,0,,0,0,0,0,0,0,0,0,0,0,,100,,
7,7,,0,0,0,0,0,0,0,1,0,0,,100,,
7,0,,0,0,0,0,0,0,0,0,0,0,,100,,
7,4,,0,0,0,0,1,0,0,0,0,0,,100,,
7,7,,0,0,0,0,0,0,0,1,0,0,,100,,
7,7,,0,0,0,0,0,0,0,1,0,0,,100,,
7,1,,0,1,0,0,0,0,0,0,0,0,,100,,
7,0,,0,0,0,0,0,0,0,0,0,0,,0,,
7,7,,0,0,0,0,0,0,0,1,0,0,,200,,
7,1,,0,1,0,0,0,0,0,0,0,0,,100,,
7,7,,0,0,0,0,0,0,0,1,0,0,,100,,
7,0,,0,0,0,0,0,0,0,0,0,0,,200,,
7,0,,0,0,0,0,0,0,0,0,0,0,,500,,
7,7,,0,0,0,0,0,0,0,1,0,0,,100,,
7,7,,0,0,0,0,0,0,0,1,0,0,,0,,
7,0,,0,0,0,0,0,0,0,0,0,0,,200,,
7,0,,0,0,0,0,0,0,0,0,0,0,,200,,
7,6,,0,0,0,0,0,0,1,0,0,0,,100,,
7,7,,0,0,0,0,0,0,0,1,0,0,,200,,
7,8,,0,0,0,0,0,0,0,0,1,0,,0,,
7,7,,0,0,0,0,0,0,0,1,0,0,,100,,
7,2,,0,0,1,0,0,0,0,0,0,0,,200,,
7,0,,0,0,0,0,0,0,0,0,0,0,,200,,
7,7,,0,0,0,0,0,0,0,1,0,0,,100,,
7,0,,0,0,0,0,0,0,0,0,0,0,,0,,
7,0,,0,0,0,0,0,0,0,0,0,0,,100,,
7,0,,0,0,0,0,0,0,0,0,0,0,,100,,
7,0,,0,0,0,0,0,0,0,0,0,0,,200,,
7,4,,0,0,0,0,1,0,0,0,0,0,,100,,
7,0,,0,0,0,0,0,0,0,0,0,0,,100,,
7,4,,0,0,0,0,1,0,0,0,0,0,,400,,
7,7,,0,0,0,0,0,0,0,1,0,0,,300,,
7,7,,0,0,0,0,0,0,0,1,0,0,,200,,
7,0,,0,0,0,0,0,0,0,0,0,0,,100,,
7,0,,0,0,0,0,0,0,0,0,0,0,,200,,
7,7,,0,0,0,0,0,0,0,1,0,0,,100,,
7,0,,0,0,0,0,0,0,0,0,0,0,,200,,
7,7,,0,0,0,0,0,0,0,1,0,0,,100,,
7,6,,0,0,0,0,0,0,1,0,0,0,,100,,
7,0,,0,0,0,0,0,0,0,0,0,0,,200,,
7,1,,0,1,0,0,0,0,0,0,0,0,,0,,
7,6,,0,0,0,0,0,0,1,0,0,0,,200,,
7,0,,0,0,0,0,0,0,0,0,0,0,,200,,
7,1,,0,1,0,0,0,0,0,0,0,0,,100,,
7,7,,0,0,0,0,0,0,0,1,0,0,,200,,
7,0,,0,0,0,0,0,0,0,0,0,0,,300,,
8,6,,0,0,0,0,0,0,1,0,0,0,,100,,
8,0,,0,0,0,0,0,0,0,0,0,0,,200,,
8,8,,0,0,0,0,0,0,0,0,1,0,,100,,
8,7,,0,0,0,0,0,0,0,1,0,0,,600,,
8,0,,1,0,0,0,0,0,0,0,0,0,,100,,
8,0,,0,0,0,0,0,0,0,0,0,0,,200,,
8,8,,0,0,0,0,0,0,0,0,1,0,,0,,
8,7,,0,0,0,0,0,0,0,1,0,0,,400,,
8,0,,0,0,0,0,0,0,0,0,0,0,,200,,
8,0,,0,0,0,0,0,0,0,0,0,0,,100,,
8,8,,0,0,0,0,0,0,0,0,1,0,,100,,
8,0,,0,0,0,0,0,0,0,0,0,0,,300,,
8,0,,1,0,0,0,0,0,0,0,0,0,,100,,
8,8,,0,0,0,0,0,0,0,0,1,0,,200,,
8,0,,0,0,0,0,0,0,0,0,0,0,,200,,
8,0,,0,0,0,0,0,0,0,0,0,0,,500,,
8,0,,0,0,0,0,0,0,0,0,0,0,,100,,
8,0,,0,0,0,0,0,0,0,0,0,0,,200,,
8,0,,0,0,0,0,0,0,0,0,0,0,,200,,
8,8,,0,0,0,0,0,0,0,0,1,0,,100,,
8,8,,0,0,0,0,0,0,0,0,1,0,,100,,
8,0,,0,0,0,0,0,0,0,0,0,0,,100,,
8,0,,0,0,0,0,0,0,0,0,0,0,,300,,
8,0,,0,0,0,0,0,0,0,0,0,0,,300,,
8,0,,1,0,0,0,0,0,0,0,0,0,,300,,
8,0,,0,0,0,0,0,0,0,0,0,0,,300,,
8,0,,0,0,0,0,0,0,0,0,0,0,,400,,
8,0,,0,0,0,0,0,0,0,0,0,0,,200,,
8,0,,0,0,0,0,0,0,0,0,0,0,,100,,
8,8,,0,0,0,0,0,0,0,0,1,0,,200,,
8,0,,0,0,0,0,0,0,0,0,0,0,,300,,
8,0,,0,0,0,0,0,0,0,0,0,0,,100,,
8,0,,0,0,0,0,0,0,0,0,0,0,,200,,
8,0,,0,0,0,0,0,0,0,0,0,0,,100,,
8,0,,0,0,0,0,0,0,0,0,0,0,,100,,
8,8,,0,0,0,0,0,0,0,0,1,0,,0,,
8,8,,0,0,0,0,0,0,0,0,1,0,,200,,
8,0,,0,0,0,0,0,0,0,0,0,0,,200,,
8,4,,0,0,0,0,1,0,0,0,0,0,,200,,
8,0,,1,0,0,0,0,0,0,0,0,0,,200,,
8,0,,0,0,0,0,0,0,0,0,0,0,,300,,
8,0,,0,0,0,0,0,0,0,0,0,0,,100,,
8,0,,0,0,0,0,0,0,0,0,0,0,,100,,
8,0,,0,0,0,0,0,0,0,0,0,0,,200,,
8,0,,0,0,0,0,0,0,0,0,0,0,,200,,
8,0,,0,0,0,0,0,0,0,0,0,0,,300,,
8,0,,0,0,0,0,0,0,0,0,0,0,,300,,
8,0,,1,0,0,0,0,0,0,0,0,0,,100,,
8,0,,0,0,0,0,0,0,0,0,0,0,,200,,
8,0,,0,0,0,0,0,0,0,0,0,0,,300,,
8,0,,0,0,0,0,0,0,0,0,0,0,,200,,
8,0,,0,0,0,0,0,0,0,0,0,0,,200,,
8,0,,0,0,0,0,0,0,0,0,0,0,,300,,
8,0,,0,0,0,0,0,0,0,0,0,0,,400,,
8,0,,0,0,0,0,0,0,0,0,0,0,,200,,
8,7,,0,0,0,0,0,0,0,1,0,0,,200,,
8,0,,0,0,0,0,0,0,0,0,0,0,,300,,
8,0,,0,0,0,0,0,0,0,0,0,0,,100,,
8,8,,0,0,0,0,0,0,0,0,1,0,,100,,
8,0,,0,0,0,0,0,0,0,0,0,0,,500,,
8,0,,0,0,0,0,0,0,0,0,0,0,,200,,
8,4,,0,0,0,0,1,0,0,0,0,0,,100,,
8,0,,0,0,0,0,0,0,0,0,0,0,,400,,
8,0,,0,0,0,0,0,0,0,0,0,0,,200,,
8,0,,1,0,0,0,0,0,0,0,0,0,,100,,
8,0,,0,0,0,0,0,0,0,0,0,0,,200,,
8,0,,0,0,0,0,0,0,0,0,0,0,,400,,
8,0,,0,0,0,0,0,0,0,0,0,0,,200,,
8,0,,0,0,0,0,0,0,0,0,0,0,,100,,
8,8,,0,0,0,0,0,0,0,0,1,0,,100,,
8,0,,0,0,0,0,0,0,0,0,0,0,,300,,
8,8,,0,0,0,0,0,0,0,0,1,0,,200,,
8,4,,0,0,0,0,1,0,0,0,0,0,,0,,
8,7,,0,0,0,0,0,0,0,1,0,0,,200,,
8,8,,0,0,0,0,0,0,0,0,1,0,,300,,
8,2,,0,0,1,0,0,0,0,0,0,0,,100,,
8,0,,1,0,0,0,0,0,0,0,0,0,,200,,
8,5,,0,0,0,0,0,1,0,0,0,0,,200,,
8,0,,0,0,0,0,0,0,0,0,0,0,,300,,
8,8,,0,0,0,0,0,0,0,0,1,0,,200,,
8,6,,0,0,0,0,0,0,1,0,0,0,,200,,
8,0,,0,0,0,0,0,0,0,0,0,0,,100,,
8,8,,0,0,0,0,0,0,0,0,1,0,,300,,
8,7,,0,0,0,0,0,0,0,1,0,0,,100,,
8,0,,0,0,0,0,0,0,0,0,0,0,,300,,
8,4,,0,0,0,0,1,0,0,0,0,0,,200,,
8,8,,0,0,0,0,0,0,0,0,1,0,,200,,
8,0,,0,0,0,0,0,0,0,0,0,0,,300,,
8,0,,0,0,0,0,0,0,0,0,0,0,,200,,
8,8,,0,0,0,0,0,0,0,0,1,0,,200,,
8,8,,0,0,0,0,0,0,0,0,1,0,,0,,
8,8,,0,0,0,0,0,0,0,0,1,0,,100,,
8,0,,0,0,0,0,0,0,0,0,0,0,,100,,
8,7,,0,0,0,0,0,0,0,1,0,0,,100,,
8,7,,0,0,0,0,0,0,0,1,0,0,,100,,
8,0,,0,0,0,0,0,0,0,0,0,0,,200,,
8,0,,0,0,0,0,0,0,0,0,0,0,,100,,
8,0,,0,0,0,0,0,0,0,0,0,0,,500,,
8,0,,0,0,0,0,0,0,0,0,0,0,,200,,
8,8,,0,0,0,0,0,0,0,0,1,0,,100,,
8,8,,0,0,0,0,0,0,0,0,1,0,,100,,
8,0,,0,0,0,0,0,0,0,0,0,0,,300,,
8,7,,0,0,0,0,0,0,0,1,0,0,,100,,
8,8,,0,0,0,0,0,0,0,0,1,0,,100,,
8,0,,0,0,0,0,0,0,0,0,0,0,,100,,
8,0,,1,0,0,0,0,0,0,0,0,0,,0,,
8,0,,0,0,0,0,0,0,0,0,0,0,,300,,
8,8,,0,0,0,0,0,0,0,0,1,0,,200,,
8,8,,0,0,0,0,0,0,0,0,1,0,,100,,
8,0,,0,0,0,0,0,0,0,0,0,0,,300,,
8,0,,0,0,0,0,0,0,0,0,0,0,,100,,
8,8,,0,0,0,0,0,0,0,0,1,0,,100,,
8,0,,0,0,0,0,0,0,0,0,0,0,,100,,
8,0,,0,0,0,0,0,0,0,0,0,0,,0,,
8,0,,0,0,0,0,0,0,0,0,0,0,,100,,
8,0,,0,0,0,0,0,0,0,0,0,0,,300,,
8,0,,0,0,0,0,0,0,0,0,0,0,,300,,
8,0,,0,0,0,0,0,0,0,0,0,0,,200,,
8,0,,0,0,0,0,0,0,0,0,0,0,,100,,
8,0,,0,0,0,0,0,0,0,0,0,0,,100,,
8,0,,0,0,0,0,0,0,0,0,0,0,,300,,
8,0,,0,0,0,0,0,0,0,0,0,0,,200,,
8,0,,0,0,0,0,0,0,0,0,0,0,,300,,
8,8,,0,0,0,0,0,0,0,0,1,0,,200,,
8,0,,0,0,0,0,0,0,0,0,0,0,,300,,
8,0,,0,0,0,0,0,0,0,0,0,0,,200,,
8,0,,0,0,0,0,0,0,0,0,0,0,,100,,
8,7,,0,0,0,0,0,0,0,1,0,0,,100,,
8,0,,0,0,0,0,0,0,0,0,0,0,,400,,
8,7,,0,0,0,0,0,0,0,1,0,0,,600,,
8,0,,0,0,0,0,0,0,0,0,0,0,,200,,
8,0,,0,0,0,0,0,0,0,0,0,0,,300,,
8,0,,0,0,0,0,0,0,0,0,0,0,,200,,
8,0,,0,0,0,0,0,0,0,0,0,0,,300,,
8,8,,0,0,0,0,0,0,0,0,1,0,,400,,
8,0,,0,0,0,0,0,0,0,0,0,0,,400,,
8,0,,0,0,0,0,0,0,0,0,0,0,,100,,
8,0,,1,0,0,0,0,0,0,0,0,0,,100,,
8,8,,0,0,0,0,0,0,0,0,1,0,,100,,
8,0,,0,0,0,0,0,0,0,0,0,0,,200,,
8,8,,0,0,0,0,0,0,0,0,1,0,,100,,
8,8,,0,0,0,0,0,0,0,0,1,0,,200,,
8,7,,0,0,0,0,0,0,0,1,0,0,,200,,
8,0,,0,0,0,0,0,0,0,0,0,0,,200,,
8,0,,1,0,0,0,0,0,0,0,0,0,,100,,
8,0,,0,0,0,0,0,0,0,0,0,0,,300,,
8,8,,0,0,0,0,0,0,0,0,1,0,,0,,
8,8,,0,0,0,0,0,0,0,0,1,0,,200,,
8,8,,0,0,0,0,0,0,0,0,1,0,,100,,
8,0,,0,0,0,0,0,0,0,0,0,0,,100,,
8,8,,0,0,0,0,0,0,0,0,1,0,,100,,
8,0,,0,0,0,0,0,0,0,0,0,0,,500,,
8,8,,0,0,0,0,0,0,0,0,1,0,,100,,
8,0,,0,0,0,0,0,0,0,0,0,0,,200,,
8,0,,0,0,0,0,0,0,0,0,0,0,,0,,
8,0,,0,0,0,0,0,0,0,0,0,0,,200,,
8,8,,0,0,0,0,0,0,0,0,1,0,,100,,
8,0,,0,0,0,0,0,0,0,0,0,0,,200,,
8,0,,0,0,0,0,0,0,0,0,0,0,,500,,
8,0,,0,0,0,0,0,0,0,0,0,0,,200,,
8,0,,0,0,0,0,0,0,0,0,0,0,,100,,
8,9,,0,0,0,0,0,0,0,0,0,1,,300,,
8,0,,0,0,0,0,0,0,0,0,0,0,,200,,
8,0,,0,0,0,0,0,0,0,0,0,0,,200,,
8,0,,0,0,0,0,0,0,0,0,0,0,,200,,
8,0,,0,0,0,0,0,0,0,0,0,0,,100,,
8,8,,0,0,0,0,0,0,0,0,1,0,,100,,
8,0,,0,0,0,0,0,0,0,0,0,0,,200,,
8,0,,0,0,0,0,0,0,0,0,0,0,,200,,
8,0,,0,0,0,0,0,0,0,0,0,0,,200,,
8,8,,0,0,0,0,0,0,0,0,1,0,,0,,
8,0,,1,0,0,0,0,0,0,0,0,0,,200,,
8,0,,1,0,0,0,0,0,0,0,0,0,,200,,
8,0,,0,0,0,0,0,0,0,0,0,0,,200,,
8,3,,0,0,0,1,0,0,0,0,0,0,,100,,
8,0,,0,0,0,0,0,0,0,0,0,0,,100,,
8,0,,0,0,0,0,0,0,0,0,0,0,,200,,
8,6,,0,0,0,0,0,0,1,0,0,0,,100,,
8,8,,0,0,0,0,0,0,0,0,1,0,,100,,
8,8,,0,0,0,0,0,0,0,0,1,0,,0,,
8,0,,0,0,0,0,0,0,0,0,0,0,,100,,
8,0,,0,0,0,0,0,0,0,0,0,0,,200,,
8,0,,1,0,0,0,0,0,0,0,0,0,,200,,
8,8,,0,0,0,0,0,0,0,0,1,0,,0,,
8,0,,0,0,0,0,0,0,0,0,0,0,,100,,
8,0,,0,0,0,0,0,0,0,0,0,0,,200,,
8,0,,0,0,0,0,0,0,0,0,0,0,,400,,
8,0,,0,0,0,0,0,0,0,0,0,0,,100,,
8,8,,0,0,0,0,0,0,0,0,1,0,,100,,
8,8,,0,0,0,0,0,0,0,0,1,0,,100,,
8,0,,0,0,0,0,0,0,0,0,0,0,,100,,
8,0,,0,0,0,0,0,0,0,0,0,0,,200,,
8,0,,0,0,0,0,0,0,0,0,0,0,,200,,
8,7,,0,0,0,0,0,0,0,1,0,0,,100,,
8,0,,0,0,0,0,0,0,0,0,0,0,,100,,
8,6,,0,0,0,0,0,0,1,0,0,0,,200,,
8,0,,0,0,0,0,0,0,0,0,0,0,,200,,
8,8,,0,0,0,0,0,0,0,0,1,0,,100,,
8,0,,0,0,0,0,0,0,0,0,0,0,,100,,
8,0,,0,0,0,0,0,0,0,0,0,0,,200,,
8,0,,0,0,0,0,0,0,0,0,0,0,,200,,
8,0,,0,0,0,0,0,0,0,0,0,0,,200,,
8,0,,1,0,0,0,0,0,0,0,0,0,,100,,
8,0,,1,0,0,0,0,0,0,0,0,0,,100,,
8,7,,0,0,0,0,0,0,0,1,0,0,,100,,
8,8,,0,0,0,0,0,0,0,0,1,0,,100,,
8,0,,0,0,0,0,0,0,0,0,0,0,,600,,
8,0,,0,0,0,0,0,0,0,0,0,0,,200,,
8,0,,0,0,0,0,0,0,0,0,0,0,,700,,
8,0,,0,0,0,0,0,0,0,0,0,0,,200,,
8,0,,1,0,0,0,0,0,0,0,0,0,,100,,
9,0,,0,0,0,0,0,0,0,0,0,0,,200,,
9,9,,0,0,0,0,0,0,0,0,0,1,,200,,
9,0,,0,0,0,0,0,0,0,0,0,0,,100,,
9,0,,0,0,0,0,0,0,0,0,0,0,,100,,
9,7,,0,0,0,0,0,0,0,1,0,0,,0,,
9,0,,0,0,0,0,0,0,0,0,0,0,,300,,
9,0,,0,0,0,0,0,0,0,0,0,0,,200,,
9,0,,0,0,0,0,0,0,0,0,0,0,,100,,
9,0,,0,0,0,0,0,0,0,0,0,0,,200,,
9,6,,0,0,0,0,0,0,1,0,0,0,,200,,
9,4,,0,0,0,0,1,0,0,0,0,0,,200,,
9,9,,0,0,0,0,0,0,0,0,0,1,,100,,
9,9,,0,0,0,0,0,0,0,0,0,1,,400,,
9,0,,0,0,0,0,0,0,0,0,0,0,,300,,
9,9,,0,0,0,0,0,0,0,0,0,1,,300,,
9,0,,0,0,0,0,0,0,0,0,0,0,,100,,
9,0,,0,0,0,0,0,0,0,0,0,0,,100,,
9,0,,0,0,0,0,0,0,0,0,0,0,,100,,
9,9,,0,0,0,0,0,0,0,0,0,1,,100,,
9,0,,0,0,0,0,0,0,0,0,0,0,,200,,
9,0,,0,0,0,0,0,0,0,0,0,0,,400,,
9,0,,0,0,0,0,0,0,0,0,0,0,,100,,
9,9,,0,0,0,0,0,0,0,0,0,1,,100,,
9,9,,0,0,0,0,0,0,0,0,0,1,,100,,
9,9,,0,0,0,0,0,0,0,0,0,1,,0,,
9,0,,0,0,0,0,0,0,0,0,0,0,,300,,
9,0,,0,0,0,0,0,0,0,0,0,0,,400,,
9,0,,0,0,0,0,0,0,0,0,0,0,,100,,
9,1,,0,1,0,0,0,0,0,0,0,0,,100,,
9,9,,0,0,0,0,0,0,0,0,0,1,,200,,
9,4,,0,0,0,0,1,0,0,0,0,0,,300,,
9,0,,0,0,0,0,0,0,0,0,0,0,,100,,
9,0,,0,0,0,0,0,0,0,0,0,0,,200,,
9,9,,0,0,0,0,0,0,0,0,0,1,,600,,
9,0,,0,0,0,0,0,0,0,0,0,0,,200,,
9,9,,0,0,0,0,0,0,0,0,0,1,,200,,
9,0,,0,0,0,0,0,0,0,0,0,0,,200,,
9,0,,0,0,0,0,0,0,0,0,0,0,,100,,
9,0,,0,0,0,0,0,0,0,0,0,0,,100,,
9,0,,0,0,0,0,0,0,0,0,0,0,,300,,
9,4,,0,0,0,0,1,0,0,0,0,0,,100,,
9,0,,0,0,0,0,0,0,0,0,0,0,,100,,
9,0,,0,0,0,0,0,0,0,0,0,0,,200,,
9,0,,0,0,0,0,0,0,0,0,0,0,,400,,
9,9,,0,0,0,0,0,0,0,0,0,1,,200,,
9,0,,0,0,0,0,0,0,0,0,0,0,,100,,
9,9,,0,0,0,0,0,0,0,0,0,1,,100,,
9,0,,0,0,0,0,0,0,0,0,0,0,,400,,
9,0,,0,0,0,0,0,0,0,0,0,0,,300,,
9,5,,0,0,0,0,0,1,0,0,0,0,,100,,
9,0,,0,0,0,0,0,0,0,0,0,0,,200,,
9,9,,0,0,0,0,0,0,0,0,0,1,,200,,
9,0,,0,0,0,0,0,0,0,0,0,0,,100,,
9,0,,0,0,0,0,0,0,0,0,0,0,,200,,
9,0,,0,0,0,0,0,0,0,0,0,0,,200,,
9,9,,0,0,0,0,0,0,0,0,0,1,,0,,
9,4,,0,0,0,0,1,0,0,0,0,0,,100,,
9,9,,0,0,0,0,0,0,0,0,0,1,,500,,
9,7,,0,0,0,0,0,0,0,1,0,0,,100,,
9,0,,0,0,0,0,0,0,0,0,0,0,,300,,
9,9,,0,0,0,0,0,0,0,0,0,1,,100,,
9,0,,0,0,0,0,0,0,0,0,0,0,,100,,
9,0,,0,0,0,0,0,0,0,0,0,0,,200,,
9,0,,0,0,0,0,0,0,0,0,0,0,,200,,
9,0,,0,0,0,0,0,0,0,0,0,0,,200,,
9,0,,0,0,0,0,0,0,0,0,0,0,,100,,
9,9,,0,0,0,0,0,0,0,0,0,1,,200,,
9,9,,0,0,0,0,0,0,0,0,0,1,,500,,
9,9,,0,0,0,0,0,0,0,0,0,1,,600,,
9,9,,0,0,0,0,0,0,0,0,0,1,,0,,
9,0,,0,0,0,0,0,0,0,0,0,0,,300,,
9,3,,0,0,0,1,0,0,0,0,0,0,,0,,
9,0,,0,0,0,0,0,0,0,0,0,0,,400,,
9,0,,0,0,0,0,0,0,0,0,0,0,,400,,
9,7,,0,0,0,0,0,0,0,1,0,0,,300,,
9,9,,0,0,0,0,0,0,0,0,0,1,,100,,
9,0,,0,0,0,0,0,0,0,0,0,0,,100,,
9,0,,0,0,0,0,0,0,0,0,0,0,,500,,
9,0,,0,0,0,0,0,0,0,0,0,0,,200,,
9,3,,0,0,0,1,0,0,0,0,0,0,,200,,
9,9,,0,0,0,0,0,0,0,0,0,1,,200,,
9,0,,0,0,0,0,0,0,0,0,0,0,,200,,
9,9,,0,0,0,0,0,0,0,0,0,1,,300,,
9,0,,0,0,0,0,0,0,0,0,0,0,,400,,
9,0,,0,0,0,0,0,0,0,0,0,0,,100,,
9,0,,0,0,0,0,0,0,0,0,0,0,,100,,
9,0,,0,0,0,0,0,0,0,0,0,0,,500,,
9,0,,0,0,0,0,0,0,0,0,0,0,,200,,
9,0,,0,0,0,0,0,0,0,0,0,0,,200,,
9,0,,0,0,0,0,0,0,0,0,0,0,,300,,
9,0,,0,0,0,0,0,0,0,0,0,0,,200,,
9,0,,0,0,0,0,0,0,0,0,0,0,,600,,
9,0,,0,0,0,0,0,0,0,0,0,0,,300,,
9,0,,0,0,0,0,0,0,0,0,0,0,,500,,
9,0,,0,0,0,0,0,0,0,0,0,0,,500,,
9,0,,0,0,0,0,0,0,0,0,0,0,,400,,
9,9,,0,0,0,0,0,0,0,0,0,1,,200,,
9,7,,0,0,0,0,0,0,0,1,0,0,,100,,
9,0,,0,0,0,0,0,0,0,0,0,0,,200,,
9,0,,0,0,0,0,0,0,0,0,0,0,,0,,
9,9,,0,0,0,0,0,0,0,0,0,1,,100,,
9,4,,0,0,0,0,1,0,0,0,0,0,,100,,
9,4,,0,0,0,0,1,0,0,0,0,0,,100,,
9,0,,0,0,0,0,0,0,0,0,0,0,,200,,
9,7,,0,0,0,0,0,0,0,1,0,0,,100,,
9,0,,0,0,0,0,0,0,0,0,0,0,,200,,
9,0,,0,0,0,0,0,0,0,0,0,0,,200,,
9,9,,0,0,0,0,0,0,0,0,0,1,,100,,
9,0,,0,0,0,0,0,0,0,0,0,0,,600,,
9,0,,0,0,0,0,0,0,0,0,0,0,,400,,
9,0,,0,0,0,0,0,0,0,0,0,0,,100,,
9,0,,0,0,0,0,0,0,0,0,0,0,,300,,
9,9,,0,0,0,0,0,0,0,0,0,1,,200,,
9,6,,0,0,0,0,0,0,1,0,0,0,,0,,
9,9,,0,0,0,0,0,0,0,0,0,1,,100,,
9,0,,0,0,0,0,0,0,0,0,0,0,,100,,
9,0,,0,0,0,0,0,0,0,0,0,0,,200,,
9,9,,0,0,0,0,0,0,0,0,0,1,,100,,
9,0,,0,0,0,0,0,0,0,0,0,0,,300,,
9,0,,0,0,0,0,0,0,0,0,0,0,,100,,
9,9,,0,0,0,0,0,0,0,0,0,1,,200,,
9,0,,0,0,0,0,0,0,0,0,0,0,,300,,
9,0,,0,0,0,0,0,0,0,0,0,0,,300,,
9,0,,0,0,0,0,0,0,0,0,0,0,,200,,
9,0,,0,0,0,0,0,0,0,0,0,0,,100,,
9,0,,0,0,0,0,0,0,0,0,0,0,,200,,
9,0,,0,0,0,0,0,0,0,0,0,0,,200,,
9,2,,0,0,1,0,0,0,0,0,0,0,,100,,
9,0,,0,0,0,0,0,0,0,0,0,0,,400,,
9,4,,0,0,0,0,1,0,0,0,0,0,,200,,
9,0,,0,0,0,0,0,0,0,0,0,0,,100,,
9,0,,0,0,0,0,0,0,0,0,0,0,,200,,
9,9,,0,0,0,0,0,0,0,0,0,1,,300,,
9,9,,0,0,0,0,0,0,0,0,0,1,,300,,
9,0,,0,0,0,0,0,0,0,0,0,0,,100,,
9,9,,0,0,0,0,0,0,0,0,0,1,,100,,
9,0,,0,0,0,0,0,0,0,0,0,0,,200,,
9,0,,0,0,0,0,0,0,0,0,0,0,,200,,
9,0,,0,0,0,0,0,0,0,0,0,0,,500,,
9,9,,0,0,0,0,0,0,0,0,0,1,,400,,
9,0,,0,0,0,0,0,0,0,0,0,0,,100,,
9,6,,0,0,0,0,0,0,1,0,0,0,,100,,
9,7,,0,0,0,0,0,0,0,1,0,0,,0,,
9,7,,0,0,0,0,0,0,0,1,0,0,,200,,
9,0,,0,0,0,0,0,0,0,0,0,0,,0,,
9,6,,0,0,0,0,0,0,1,0,0,0,,500,,
9,9,,0,0,0,0,0,0,0,0,0,1,,200,,
9,0,,0,0,0,0,0,0,0,0,0,0,,200,,
9,0,,0,0,0,0,0,0,0,0,0,0,,100,,
9,0,,0,0,0,0,0,0,0,0,0,0,,100,,
9,9,,0,0,0,0,0,0,0,0,0,1,,100,,
9,9,,0,0,0,0,0,0,0,0,0,1,,300,,
9,0,,0,0,0,0,0,0,0,0,0,0,,300,,
9,0,,0,0,0,0,0,0,0,0,0,0,,300,,
9,6,,0,0,0,0,0,0,1,0,0,0,,200,,
9,0,,0,0,0,0,0,0,0,0,0,0,,200,,
9,4,,0,0,0,0,1,0,0,0,0,0,,100,,
9,3,,0,0,0,1,0,0,0,0,0,0,,100,,
9,0,,0,0,0,0,0,0,0,0,0,0,,200,,
9,1,,0,1,0,0,0,0,0,0,0,0,,100,,
9,1,,0,1,0,0,0,0,0,0,0,0,,200,,
9,9,,0,0,0,0,0,0,0,0,0,1,,400,,
9,0,,0,0,0,0,0,0,0,0,0,0,,300,,
9,9,,0,0,0,0,0,0,0,0,0,1,,300,,
9,0,,1,0,0,0,0,0,0,0,0,0,,100,,
9,0,,0,0,0,0,0,0,0,0,0,0,,200,,
9,0,,0,0,0,0,0,0,0,0,0,0,,200,,
9,3,,0,0,0,1,0,0,0,0,0,0,,100,,
9,3,,0,0,0,1,0,0,0,0,0,0,,100,,
9,5,,0,0,0,0,0,1,0,0,0,0,,300,,
9,3,,0,0,0,1,0,0,0,0,0,0,,200,,
9,0,,0,0,0,0,0,0,0,0,0,0,,0,,
9,9,,0,0,0,0,0,0,0,0,0,1,,300,,
9,0,,0,0,0,0,0,0,0,0,0,0,,300,,
9,0,,0,0,0,0,0,0,0,0,0,0,,200,,
9,0,,0,0,0,0,0,0,0,0,0,0,,200,,
9,0,,0,0,0,0,0,0,0,0,0,0,,100,,
9,0,,0,0,0,0,0,0,0,0,0,0,,200,,
9,0,,0,0,0,0,0,0,0,0,0,0,,100,,
9,9,,0,0,0,0,0,0,0,0,0,1,,100,,
9,0,,0,0,0,0,0,0,0,0,0,0,,100,,
9,0,,0,0,0,0,0,0,0,0,0,0,,200,,
9,4,,0,0,0,0,1,0,0,0,0,0,,200,,
9,0,,0,0,0,0,0,0,0,0,0,0,,100,,
9,4,,0,0,0,0,1,0,0,0,0,0,,200,,
9,9,,0,0,0,0,0,0,0,0,0,1,,200,,
9,9,,0,0,0,0,0,0,0,0,0,1,,100,,
9,9,,0,0,0,0,0,0,0,0,0,1,,200,,
9,0,,0,0,0,0,0,0,0,0,0,0,,100,,
9,0,,0,0,0,0,0,0,0,0,0,0,,400,,
9,1,,0,1,0,0,0,0,0,0,0,0,,100,,
9,9,,0,0,0,0,0,0,0,0,0,1,,100,,
9,0,,0,0,0,0,0,0,0,0,0,0,,200,,
9,0,,0,0,0,0,0,0,0,0,0,0,,200,,
9,9,,0,0,0,0,0,0,0,0,0,1,,100,,
9,0,,0,0,0,0,0,0,0,0,0,0,,300,,
9,9,,0,0,0,0,0,0,0,0,0,1,,100,,
9,0,,0,0,0,0,0,0,0,0,0,0,,200,,
9,9,,0,0,0,0,0,0,0,0,0,1,,200,,
9,0,,0,0,0,0,0,0,0,0,0,0,,0,,
9,9,,0,0,0,0,0,0,0,0,0,1,,500,,
9,0,,0,0,0,0,0,0,0,0,0,0,,300,,
9,0,,0,0,0,0,0,0,0,0,0,0,,200,,
9,5,,0,0,0,0,0,1,0,0,0,0,,100,,
9,0,,0,0,0,0,0,0,0,0,0,0,,100,,
9,0,,0,0,0,0,0,0,0,0,0,0,,200,,
9,0,,0,0,0,0,0,0,0,0,0,0,,200,,
9,0,,0,0,0,0,0,0,0,0,0,0,,200,,
9,0,,0,0,0,0,0,0,0,0,0,0,,100,,
9,9,,0,0,0,0,0,0,0,0,0,1,,100,,
9,5,,0,0,0,0,0,1,0,0,0,0,,200,,