optdigits,J48,test,3,NANOSECONDS,PREDICTIONS, Generated by ClassifierExperiments.java on 2022-05-17 02:37:00.    SYSTEMPROPERTIES:{user.name:matth,os.arch:amd64,os.name:Windows 10},ENDSYSTEMPROPERTIES
No parameter info
0.608503100088574,55633000,623600,-1,32289584,10,,-1,-1
0,5,,0,0,0,0,0,1,0,0,0,0,,1700,,
0,8,,0,0.2,0,0,0,0,0,0,0.8,0,,1100,,
0,0,,0.976,0,0,0,0.016,0,0,0,0,0.008,,1400,,
0,0,,0.833333,0,0,0,0,0,0,0.166667,0,0,,800,,
0,0,,0.985294,0,0,0,0,0.014706,0,0,0,0,,600,,
0,0,,0.985294,0,0,0,0,0.014706,0,0,0,0,,300,,
0,0,,0.833333,0,0,0,0,0,0,0.166667,0,0,,300,,
0,0,,0.981132,0,0,0,0.018868,0,0,0,0,0,,1200,,
0,0,,0.939394,0,0,0,0.060606,0,0,0,0,0,,600,,
0,0,,0.5,0,0,0,0,0,0,0.5,0,0,,800,,
0,0,,0.976,0,0,0,0.016,0,0,0,0,0.008,,300,,
0,0,,1,0,0,0,0,0,0,0,0,0,,1600,,
0,7,,0,0,0,0,0,0,0,1,0,0,,1700,,
0,0,,0.976,0,0,0,0.016,0,0,0,0,0.008,,300,,
0,0,,1,0,0,0,0,0,0,0,0,0,,400,,
0,0,,1,0,0,0,0,0,0,0,0,0,,300,,
0,0,,0.981132,0,0,0,0.018868,0,0,0,0,0,,300,,
0,0,,1,0,0,0,0,0,0,0,0,0,,400,,
0,0,,0.976,0,0,0,0.016,0,0,0,0,0.008,,300,,
0,0,,1,0,0,0,0,0,0,0,0,0,,700,,
0,0,,0.976,0,0,0,0.016,0,0,0,0,0.008,,300,,
0,7,,0,0,0,0,0,0,0,1,0,0,,900,,
0,0,,0.976,0,0,0,0.016,0,0,0,0,0.008,,300,,
0,0,,0.985294,0,0,0,0,0.014706,0,0,0,0,,400,,
0,0,,0.976,0,0,0,0.016,0,0,0,0,0.008,,300,,
0,0,,0.976,0,0,0,0.016,0,0,0,0,0.008,,300,,
0,0,,0.976,0,0,0,0.016,0,0,0,0,0.008,,300,,
0,0,,0.976,0,0,0,0.016,0,0,0,0,0.008,,400,,
0,0,,0.533333,0,0,0,0,0.3,0,0,0,0.166667,,700,,
0,0,,0.939394,0,0,0,0.060606,0,0,0,0,0,,200,,
0,0,,0.981132,0,0,0,0.018868,0,0,0,0,0,,400,,
0,4,,0.166667,0,0,0,0.5,0,0,0.333333,0,0,,900,,
0,0,,0.939394,0,0,0,0.060606,0,0,0,0,0,,200,,
0,0,,0.5,0,0.5,0,0,0,0,0,0,0,,800,,
0,0,,0.976,0,0,0,0.016,0,0,0,0,0.008,,400,,
0,0,,0.976,0,0,0,0.016,0,0,0,0,0.008,,300,,
0,0,,0.981132,0,0,0,0.018868,0,0,0,0,0,,300,,
0,0,,0.939394,0,0,0,0.060606,0,0,0,0,0,,300,,
0,5,,0,0,0,0,0,0.5,0,0,0,0.5,,400,,
0,0,,0.976,0,0,0,0.016,0,0,0,0,0.008,,300,,
0,0,,0.939394,0,0,0,0.060606,0,0,0,0,0,,300,,
0,0,,0.985294,0,0,0,0,0.014706,0,0,0,0,,400,,
0,9,,0.172043,0.064516,0,0.010753,0.010753,0.032258,0,0,0,0.709677,,1000,,
0,0,,0.976,0,0,0,0.016,0,0,0,0,0.008,,300,,
0,0,,0.777778,0,0,0,0,0,0,0,0,0.222222,,200,,
0,0,,0.976,0,0,0,0.016,0,0,0,0,0.008,,300,,
0,8,,0,0.25,0,0,0,0,0,0.25,0.5,0,,600,,
0,0,,0.939394,0,0,0,0.060606,0,0,0,0,0,,300,,
0,0,,0.981132,0,0,0,0.018868,0,0,0,0,0,,400,,
0,0,,0.976,0,0,0,0.016,0,0,0,0,0.008,,300,,
0,0,,0.976,0,0,0,0.016,0,0,0,0,0.008,,300,,
0,0,,0.976,0,0,0,0.016,0,0,0,0,0.008,,300,,
0,0,,1,0,0,0,0,0,0,0,0,0,,500,,
0,0,,0.939394,0,0,0,0.060606,0,0,0,0,0,,300,,
0,0,,0.939394,0,0,0,0.060606,0,0,0,0,0,,300,,
0,0,,0.976,0,0,0,0.016,0,0,0,0,0.008,,300,,
0,0,,0.976,0,0,0,0.016,0,0,0,0,0.008,,300,,
0,0,,0.981132,0,0,0,0.018868,0,0,0,0,0,,300,,
0,8,,0,0,0,0,0,0,0,0,1,0,,400,,
0,7,,0,0,0,0,0,0,0,1,0,0,,300,,
0,0,,0.75,0,0,0,0,0,0,0,0,0.25,,600,,
0,9,,0,0,0,0,0,0,0,0,0,1,,500,,
0,0,,0.939394,0,0,0,0.060606,0,0,0,0,0,,300,,
0,0,,0.976,0,0,0,0.016,0,0,0,0,0.008,,400,,
0,0,,0.976,0,0,0,0.016,0,0,0,0,0.008,,400,,
0,0,,0.777778,0,0,0,0,0,0,0,0,0.222222,,300,,
0,0,,0.939394,0,0,0,0.060606,0,0,0,0,0,,300,,
0,0,,1,0,0,0,0,0,0,0,0,0,,300,,
0,0,,0.976,0,0,0,0.016,0,0,0,0,0.008,,300,,
0,0,,0.985294,0,0,0,0,0.014706,0,0,0,0,,400,,
0,0,,1,0,0,0,0,0,0,0,0,0,,700,,
0,9,,0.172043,0.064516,0,0.010753,0.010753,0.032258,0,0,0,0.709677,,400,,
0,0,,0.981132,0,0,0,0.018868,0,0,0,0,0,,400,,
0,0,,0.976,0,0,0,0.016,0,0,0,0,0.008,,300,,
0,0,,0.976,0,0,0,0.016,0,0,0,0,0.008,,300,,
0,0,,0.939394,0,0,0,0.060606,0,0,0,0,0,,200,,
0,0,,1,0,0,0,0,0,0,0,0,0,,300,,
0,0,,0.939394,0,0,0,0.060606,0,0,0,0,0,,300,,
0,0,,0.981132,0,0,0,0.018868,0,0,0,0,0,,400,,
0,0,,0.985294,0,0,0,0,0.014706,0,0,0,0,,300,,
0,0,,0.985294,0,0,0,0,0.014706,0,0,0,0,,300,,
0,0,,1,0,0,0,0,0,0,0,0,0,,1200,,
0,0,,0.985294,0,0,0,0,0.014706,0,0,0,0,,300,,
0,0,,0.985294,0,0,0,0,0.014706,0,0,0,0,,400,,
0,0,,0.985294,0,0,0,0,0.014706,0,0,0,0,,300,,
0,0,,0.981132,0,0,0,0.018868,0,0,0,0,0,,300,,
0,0,,0.976,0,0,0,0.016,0,0,0,0,0.008,,300,,
0,0,,0.939394,0,0,0,0.060606,0,0,0,0,0,,200,,
0,0,,0.939394,0,0,0,0.060606,0,0,0,0,0,,300,,
0,0,,0.981132,0,0,0,0.018868,0,0,0,0,0,,300,,
0,0,,0.985294,0,0,0,0,0.014706,0,0,0,0,,400,,
0,0,,0.976,0,0,0,0.016,0,0,0,0,0.008,,300,,
0,0,,0.981132,0,0,0,0.018868,0,0,0,0,0,,300,,
0,0,,0.976,0,0,0,0.016,0,0,0,0,0.008,,300,,
0,0,,0.976,0,0,0,0.016,0,0,0,0,0.008,,300,,
0,0,,0.939394,0,0,0,0.060606,0,0,0,0,0,,300,,
0,9,,0,0,0,0,0.333333,0.111111,0,0,0,0.555556,,500,,
0,0,,0.976,0,0,0,0.016,0,0,0,0,0.008,,400,,
0,0,,0.939394,0,0,0,0.060606,0,0,0,0,0,,300,,
0,0,,0.976,0,0,0,0.016,0,0,0,0,0.008,,300,,
0,4,,0,0.1875,0.0625,0,0.6875,0,0,0.0625,0,0,,400,,
0,0,,0.981132,0,0,0,0.018868,0,0,0,0,0,,300,,
0,0,,0.976,0,0,0,0.016,0,0,0,0,0.008,,400,,
0,0,,0.985294,0,0,0,0,0.014706,0,0,0,0,,300,,
0,0,,0.939394,0,0,0,0.060606,0,0,0,0,0,,200,,
0,0,,0.976,0,0,0,0.016,0,0,0,0,0.008,,300,,
0,0,,0.976,0,0,0,0.016,0,0,0,0,0.008,,300,,
0,0,,0.976,0,0,0,0.016,0,0,0,0,0.008,,300,,
0,0,,0.985294,0,0,0,0,0.014706,0,0,0,0,,300,,
0,0,,0.939394,0,0,0,0.060606,0,0,0,0,0,,300,,
0,6,,0,0,0,0,0,0,0.666667,0,0.333333,0,,600,,
1,1,,0,1,0,0,0,0,0,0,0,0,,1100,,
1,1,,0,1,0,0,0,0,0,0,0,0,,900,,
1,1,,0,1,0,0,0,0,0,0,0,0,,900,,
1,3,,0,0.135802,0.012346,0.666667,0,0.111111,0,0,0.012346,0.061728,,500,,
1,9,,0.013889,0.069444,0,0.013889,0.013889,0.013889,0,0,0,0.875,,800,,
1,1,,0,1,0,0,0,0,0,0,0,0,,1100,,
1,8,,0.008772,0.105263,0.096491,0,0.052632,0,0.324561,0.035088,0.377193,0,,600,,
1,3,,0,0,0,0.5,0,0,0,0,0.5,0,,1400,,
1,1,,0,0.777778,0,0,0,0,0.111111,0,0.111111,0,,1100,,
1,1,,0,1,0,0,0,0,0,0,0,0,,600,,
1,1,,0,0.666667,0,0,0,0,0,0,0.333333,0,,1200,,
1,2,,0,0.2,0.8,0,0,0,0,0,0,0,,500,,
1,1,,0,0.25,0,0.25,0.25,0,0,0.25,0,0,,1200,,
1,8,,0,0,0.142857,0,0,0,0,0.142857,0.714286,0,,1500,,
1,1,,0,1,0,0,0,0,0,0,0,0,,1000,,
1,1,,0,0.666667,0,0,0,0,0,0,0,0.333333,,1000,,
1,0,,1,0,0,0,0,0,0,0,0,0,,600,,
1,1,,0,1,0,0,0,0,0,0,0,0,,500,,
1,1,,0,0.928571,0,0,0,0,0,0,0.071429,0,,700,,
1,3,,0,0.115385,0.076923,0.730769,0,0.038462,0,0,0,0.038462,,1300,,
1,1,,0,1,0,0,0,0,0,0,0,0,,1100,,
1,8,,0,0,0,0,0,0,0,0.111111,0.888889,0,,1100,,
1,3,,0,0.333333,0,0.666667,0,0,0,0,0,0,,1400,,
1,1,,0,0.75,0,0,0,0,0,0,0,0.25,,1100,,
1,1,,0,0.928571,0,0,0,0,0,0,0.071429,0,,400,,
1,3,,0,0,0,1,0,0,0,0,0,0,,1000,,
1,9,,0,0.142857,0,0,0,0,0,0.285714,0,0.571429,,800,,
1,1,,0,0.375,0.03125,0.34375,0,0.125,0,0,0,0.125,,700,,
1,8,,0,0.083333,0.083333,0,0,0,0.083333,0,0.75,0,,600,,
1,1,,0,0.714286,0,0,0,0,0,0,0.285714,0,,1300,,
1,9,,0.013889,0.069444,0,0.013889,0.013889,0.013889,0,0,0,0.875,,400,,
1,2,,0,0.142857,0.809524,0.047619,0,0,0,0,0,0,,600,,
1,1,,0,1,0,0,0,0,0,0,0,0,,600,,
1,7,,0,0.030303,0.030303,0,0.333333,0,0,0.393939,0.212121,0,,800,,
1,1,,0,1,0,0,0,0,0,0,0,0,,500,,
1,3,,0,0,0,1,0,0,0,0,0,0,,600,,
1,2,,0,0.088235,0.852941,0,0,0,0,0.058824,0,0,,500,,
1,6,,0,0,0,0,0.119048,0,0.880952,0,0,0,,900,,
1,1,,0,1,0,0,0,0,0,0,0,0,,500,,
1,1,,0,1,0,0,0,0,0,0,0,0,,600,,
1,3,,0,0.135802,0.012346,0.666667,0,0.111111,0,0,0.012346,0.061728,,500,,
1,1,,0,1,0,0,0,0,0,0,0,0,,400,,
1,8,,0,0.333333,0,0,0,0,0,0,0.666667,0,,400,,
1,1,,0,0.928571,0,0,0,0,0,0,0.071429,0,,400,,
1,1,,0,1,0,0,0,0,0,0,0,0,,500,,
1,7,,0,0,0,0,0,0,0,1,0,0,,700,,
1,7,,0,0,0,0,0,0,0,1,0,0,,800,,
1,2,,0,0.185185,0.592593,0.037037,0,0.074074,0,0,0.111111,0,,700,,
1,1,,0,0.777778,0,0,0,0,0.111111,0,0.111111,0,,400,,
1,1,,0,1,0,0,0,0,0,0,0,0,,1300,,
1,1,,0,0.777778,0,0,0,0,0.111111,0,0.111111,0,,500,,
1,1,,0,1,0,0,0,0,0,0,0,0,,500,,
1,1,,0,1,0,0,0,0,0,0,0,0,,800,,
1,7,,0,0,0,0,0.1875,0,0,0.75,0.0625,0,,1000,,
1,1,,0,1,0,0,0,0,0,0,0,0,,500,,
1,8,,0,0.2,0,0,0,0,0,0,0.8,0,,800,,
1,1,,0,0.777778,0,0,0,0,0.111111,0,0.111111,0,,500,,
1,4,,0,0,0,0,0.5,0,0,0,0.5,0,,900,,
1,8,,0,0,0,0,0,0,0,0,1,0,,800,,
1,1,,0,1,0,0,0,0,0,0,0,0,,400,,
1,4,,0,0,0,0,0.9,0,0,0.1,0,0,,500,,
1,1,,0,1,0,0,0,0,0,0,0,0,,500,,
1,1,,0,0.857143,0.142857,0,0,0,0,0,0,0,,900,,
1,9,,0,0,0,0,0,0,0,0,0,1,,600,,
1,1,,0,1,0,0,0,0,0,0,0,0,,800,,
1,8,,0,0,0.090909,0,0,0,0,0,0.909091,0,,900,,
1,8,,0,0,0,0,0,0,0,0,1,0,,600,,
1,5,,0,0.117647,0,0.058824,0,0.823529,0,0,0,0,,500,,
1,1,,0,0.928571,0,0,0,0,0,0,0.071429,0,,400,,
1,9,,0.013889,0.069444,0,0.013889,0.013889,0.013889,0,0,0,0.875,,400,,
1,1,,0,0.5,0.5,0,0,0,0,0,0,0,,500,,
1,1,,0,1,0,0,0,0,0,0,0,0,,600,,
1,0,,0.5,0.5,0,0,0,0,0,0,0,0,,500,,
1,7,,0,0,0,0,0,0,0,1,0,0,,400,,
1,1,,0,1,0,0,0,0,0,0,0,0,,800,,
1,8,,0,0.272727,0,0,0,0,0,0,0.727273,0,,800,,
1,8,,0,0,0,0,0,0,0,0,1,0,,700,,
1,4,,0,0,0,0,0.75,0,0,0.25,0,0,,500,,
1,1,,0,1,0,0,0,0,0,0,0,0,,600,,
1,2,,0,0.235294,0.588235,0,0,0.058824,0,0.078431,0.019608,0.019608,,600,,
1,2,,0,0.111111,0.351852,0.111111,0.018519,0.111111,0,0.092593,0.203704,0,,800,,
1,1,,0,1,0,0,0,0,0,0,0,0,,600,,
1,1,,0,0.666667,0,0,0,0,0,0,0.333333,0,,400,,
1,2,,0,0,0.5,0,0.5,0,0,0,0,0,,800,,
1,1,,0,1,0,0,0,0,0,0,0,0,,400,,
1,3,,0,0.333333,0.083333,0.458333,0,0.083333,0,0,0,0.041667,,600,,
1,1,,0,1,0,0,0,0,0,0,0,0,,600,,
1,6,,0,0.030418,0,0,0.079848,0,0.889734,0,0,0,,800,,
1,1,,0,0.928571,0,0,0,0,0.071429,0,0,0,,900,,
1,2,,0,0,1,0,0,0,0,0,0,0,,800,,
1,1,,0,1,0,0,0,0,0,0,0,0,,600,,
1,8,,0,0,0,0,0,0,0,0.142857,0.857143,0,,500,,
1,1,,0,1,0,0,0,0,0,0,0,0,,400,,
1,1,,0,1,0,0,0,0,0,0,0,0,,500,,
1,8,,0,0,0,0,0,0,0,0,1,0,,700,,
1,8,,0,0,0,0,0,0.333333,0,0,0.666667,0,,500,,
1,1,,0.2,0.6,0,0.2,0,0,0,0,0,0,,600,,
1,1,,0,0.75,0,0,0,0,0,0,0,0.25,,600,,
1,1,,0,0.5,0,0.5,0,0,0,0,0,0,,700,,
1,2,,0,0.058824,0.882353,0.058824,0,0,0,0,0,0,,800,,
1,2,,0,0,0.888889,0,0,0,0,0,0,0.111111,,700,,
1,8,,0,0,0,0,0,0,0,0,1,0,,600,,
1,1,,0,1,0,0,0,0,0,0,0,0,,300,,
1,1,,0,0.333333,0.166667,0,0.333333,0,0,0.166667,0,0,,700,,
1,1,,0,1,0,0,0,0,0,0,0,0,,500,,
1,1,,0,1,0,0,0,0,0,0,0,0,,600,,
1,8,,0,0,0,0,0,0.333333,0,0,0.666667,0,,400,,
1,1,,0,1,0,0,0,0,0,0,0,0,,500,,
1,1,,0,0.5,0.5,0,0,0,0,0,0,0,,500,,
1,8,,0,0,0,0,0,0,0,0,1,0,,400,,
1,3,,0,0,0.052632,0.736842,0,0,0,0,0.052632,0.157895,,1000,,
1,9,,0,0.068966,0.137931,0.137931,0,0,0,0.068966,0,0.586207,,700,,
1,3,,0,0,0,0.333333,0,0,0.333333,0.333333,0,0,,500,,
1,8,,0,0,0,0,0.166667,0,0.166667,0,0.666667,0,,400,,
1,1,,0,1,0,0,0,0,0,0,0,0,,500,,
2,8,,0,0.180328,0.245902,0,0,0.016393,0.032787,0.016393,0.508197,0,,600,,
2,9,,0,0,0,0,0,0,0,0,0,1,,900,,
2,2,,0,0,0.666667,0,0,0,0,0.333333,0,0,,500,,
2,2,,0,0.142857,0.809524,0.047619,0,0,0,0,0,0,,300,,
2,8,,0,0,0.25,0,0,0,0,0,0.75,0,,500,,
2,2,,0,0.058824,0.882353,0.058824,0,0,0,0,0,0,,400,,
2,2,,0,0,1,0,0,0,0,0,0,0,,500,,
2,7,,0,0,0,0,0,0,0,1,0,0,,600,,
2,3,,0,0,0,1,0,0,0,0,0,0,,500,,
2,7,,0,0,0,0,0,0,0,1,0,0,,300,,
2,8,,0,0.116883,0.194805,0,0.038961,0.038961,0.220779,0.064935,0.324675,0,,900,,
2,1,,0,0.666667,0,0,0,0,0,0,0,0.333333,,500,,
2,4,,0,0.142857,0,0,0.285714,0,0,0.285714,0.285714,0,,1200,,
2,2,,0,0.088235,0.852941,0,0,0,0,0.058824,0,0,,500,,
2,2,,0,0,0.333333,0,0,0,0,0.333333,0.333333,0,,700,,
2,2,,0,0,1,0,0,0,0,0,0,0,,600,,
2,2,,0,0,1,0,0,0,0,0,0,0,,900,,
2,2,,0,0.153846,0.692308,0.076923,0,0,0,0,0,0.076923,,400,,
2,2,,0,0.185185,0.592593,0.037037,0,0.074074,0,0,0.111111,0,,300,,
2,8,,0,0.265625,0.171875,0.03125,0.046875,0.03125,0.046875,0.09375,0.3125,0,,700,,
2,1,,0,0.5,0.5,0,0,0,0,0,0,0,,500,,
2,2,,0,0,1,0,0,0,0,0,0,0,,600,,
2,2,,0,0.088235,0.852941,0,0,0,0,0.058824,0,0,,500,,
2,5,,0,0,0,0,0,1,0,0,0,0,,600,,
2,7,,0,0,0.25,0,0.25,0,0,0.5,0,0,,1000,,
2,6,,0,0,0,0,0,0,1,0,0,0,,400,,
2,2,,0,0.058824,0.882353,0.058824,0,0,0,0,0,0,,500,,
2,2,,0,0,0.888889,0,0,0,0,0,0,0.111111,,400,,
2,8,,0,0.25,0,0,0,0.25,0,0,0.5,0,,400,,
2,2,,0,0,0.75,0,0,0,0.25,0,0,0,,500,,
2,2,,0,0.088235,0.852941,0,0,0,0,0.058824,0,0,,500,,
2,2,,0,0,1,0,0,0,0,0,0,0,,500,,
2,2,,0,0.058824,0.882353,0.058824,0,0,0,0,0,0,,400,,
2,1,,0,1,0,0,0,0,0,0,0,0,,400,,
2,2,,0,0,0.333333,0,0.333333,0,0,0,0.333333,0,,600,,
2,2,,0,0.333333,0.666667,0,0,0,0,0,0,0,,400,,
2,2,,0,0.185185,0.592593,0.037037,0,0.074074,0,0,0.111111,0,,400,,
2,2,,0,0.088235,0.852941,0,0,0,0,0.058824,0,0,,400,,
2,1,,0,1,0,0,0,0,0,0,0,0,,500,,
2,2,,0,0,1,0,0,0,0,0,0,0,,500,,
2,2,,0,0,0.538462,0.384615,0,0.076923,0,0,0,0,,700,,
2,1,,0,1,0,0,0,0,0,0,0,0,,400,,
2,2,,0,0.333333,0.666667,0,0,0,0,0,0,0,,400,,
2,2,,0,0,1,0,0,0,0,0,0,0,,500,,
2,2,,0,0,0.956522,0.043478,0,0,0,0,0,0,,400,,
2,2,,0,0,1,0,0,0,0,0,0,0,,900,,
2,2,,0,0,1,0,0,0,0,0,0,0,,600,,
2,8,,0,0,0,0,0,0,0,0,1,0,,1000,,
2,0,,0.985294,0,0,0,0,0.014706,0,0,0,0,,400,,
2,1,,0,0.5,0,0,0,0,0,0.5,0,0,,500,,
2,1,,0,0.666667,0.333333,0,0,0,0,0,0,0,,400,,
2,2,,0,0,0.956522,0.043478,0,0,0,0,0,0,,400,,
2,6,,0,0,0,0,0,0,0.5,0.5,0,0,,500,,
2,2,,0,0.2,0.8,0,0,0,0,0,0,0,,400,,
2,8,,0,0.272727,0,0,0,0,0,0,0.727273,0,,500,,
2,2,,0,0.333333,0.666667,0,0,0,0,0,0,0,,600,,
2,2,,0,0.088235,0.852941,0,0,0,0,0.058824,0,0,,400,,
2,2,,0,0,1,0,0,0,0,0,0,0,,500,,
2,2,,0,0.153846,0.692308,0.076923,0,0,0,0,0,0.076923,,300,,
2,3,,0,0,0.052632,0.947368,0,0,0,0,0,0,,500,,
2,6,,0,0,0,0,0,0,0.5,0.5,0,0,,400,,
2,2,,0,0.058824,0.882353,0.058824,0,0,0,0,0,0,,500,,
2,5,,0,0,0,0.346154,0,0.423077,0,0.076923,0.038462,0.115385,,1200,,
2,2,,0,0,0.5,0,0,0,0,0,0,0.5,,600,,
2,2,,0,0,1,0,0,0,0,0,0,0,,400,,
2,2,,0,0,1,0,0,0,0,0,0,0,,600,,
2,2,,0,0,1,0,0,0,0,0,0,0,,500,,
2,2,,0,0,1,0,0,0,0,0,0,0,,500,,
2,8,,0,0,0,0,0,0,0,0,1,0,,600,,
2,2,,0,0,0.75,0,0,0,0,0,0.25,0,,500,,
2,7,,0,0,0,0,0,0,0,1,0,0,,500,,
2,2,,0,0.185185,0.592593,0.037037,0,0.074074,0,0,0.111111,0,,400,,
2,2,,0,0.088235,0.852941,0,0,0,0,0.058824,0,0,,500,,
2,2,,0,0,1,0,0,0,0,0,0,0,,500,,
2,1,,0,0.333333,0,0,0,0.333333,0,0.333333,0,0,,900,,
2,2,,0,0.088235,0.852941,0,0,0,0,0.058824,0,0,,400,,
2,2,,0,0,1,0,0,0,0,0,0,0,,500,,
2,1,,0,1,0,0,0,0,0,0,0,0,,400,,
2,2,,0,0,0.6,0,0,0,0.066667,0.066667,0.266667,0,,800,,
2,2,,0,0,1,0,0,0,0,0,0,0,,400,,
2,2,,0,0.2,0.8,0,0,0,0,0,0,0,,300,,
2,2,,0,0.088235,0.852941,0,0,0,0,0.058824,0,0,,500,,
2,2,,0,0,1,0,0,0,0,0,0,0,,600,,
2,2,,0,0,1,0,0,0,0,0,0,0,,400,,
2,2,,0,0.088235,0.852941,0,0,0,0,0.058824,0,0,,400,,
2,2,,0,0.088235,0.852941,0,0,0,0,0.058824,0,0,,400,,
2,2,,0,0.153846,0.692308,0.076923,0,0,0,0,0,0.076923,,500,,
2,2,,0,0,0.956522,0.043478,0,0,0,0,0,0,,400,,
2,5,,0,0,0,0.133333,0,0.666667,0,0.066667,0,0.133333,,1000,,
2,8,,0,0,0,0,0,0,0,0,1,0,,500,,
2,2,,0,0.153846,0.692308,0.076923,0,0,0,0,0,0.076923,,400,,
2,2,,0,0.185185,0.592593,0.037037,0,0.074074,0,0,0.111111,0,,300,,
2,9,,0,0.25,0,0,0,0,0,0,0,0.75,,300,,
2,2,,0,0.2,0.8,0,0,0,0,0,0,0,,400,,
2,2,,0,0,0.333333,0,0.333333,0,0,0,0.333333,0,,300,,
2,8,,0,0.166667,0.166667,0,0,0,0,0,0.666667,0,,500,,
2,6,,0,0,0,0,0,0,0.8,0,0.2,0,,500,,
2,2,,0,0,1,0,0,0,0,0,0,0,,800,,
2,2,,0,0.088235,0.852941,0,0,0,0,0.058824,0,0,,500,,
2,8,,0,0.333333,0,0,0,0,0,0,0.666667,0,,400,,
2,8,,0,0.272727,0,0,0,0,0,0,0.727273,0,,500,,
2,8,,0,0,0,0,0,0,0,0,1,0,,400,,
2,2,,0,0,0.888889,0,0,0,0,0,0,0.111111,,500,,
2,2,,0,0,1,0,0,0,0,0,0,0,,400,,
2,2,,0,0.058824,0.882353,0.058824,0,0,0,0,0,0,,500,,
2,2,,0,0,1,0,0,0,0,0,0,0,,400,,
2,2,,0,0,1,0,0,0,0,0,0,0,,500,,
2,1,,0,0.5,0,0,0,0,0,0,0,0.5,,400,,
2,7,,0,0,0,0,0,0,0,1,0,0,,500,,
2,2,,0,0.185185,0.592593,0.037037,0,0.074074,0,0,0.111111,0,,300,,
2,1,,0,1,0,0,0,0,0,0,0,0,,600,,
2,2,,0,0.142857,0.809524,0.047619,0,0,0,0,0,0,,300,,
3,3,,0,0.078947,0,0.710526,0,0,0,0.052632,0,0.157895,,600,,
3,3,,0,0,0,1,0,0,0,0,0,0,,900,,
3,9,,0,0,0,0,0,0,0,0.333333,0,0.666667,,400,,
3,3,,0,0,0,0.5,0,0,0,0.5,0,0,,500,,
3,8,,0,0.25,0,0,0,0.25,0,0,0.5,0,,300,,
3,2,,0,0.051282,0.641026,0.128205,0,0.025641,0,0.051282,0.025641,0.076923,,700,,
3,3,,0,0.068966,0.034483,0.689655,0.034483,0.103448,0,0.034483,0,0.034483,,1000,,
3,3,,0,0,0,0.846154,0.076923,0,0,0,0,0.076923,,600,,
3,3,,0,0,0.142857,0.857143,0,0,0,0,0,0,,800,,
3,3,,0,0.039216,0,0.901961,0,0,0,0,0,0.058824,,800,,
3,2,,0,0.051282,0.641026,0.128205,0,0.025641,0,0.051282,0.025641,0.076923,,500,,
3,3,,0,0,0,0.636364,0,0.090909,0,0.181818,0,0.090909,,600,,
3,1,,0,1,0,0,0,0,0,0,0,0,,500,,
3,3,,0,0,0,1,0,0,0,0,0,0,,400,,
3,2,,0,0.083333,0.5,0.333333,0,0,0,0,0,0.083333,,600,,
3,3,,0,0.068966,0.034483,0.689655,0.034483,0.103448,0,0.034483,0,0.034483,,400,,
3,3,,0,0,0,0.8,0,0,0,0,0,0.2,,600,,
3,3,,0,0,0,1,0,0,0,0,0,0,,600,,
3,3,,0,0.039216,0,0.901961,0,0,0,0,0,0.058824,,500,,
3,5,,0,0,0,0,0,1,0,0,0,0,,500,,
3,1,,0,1,0,0,0,0,0,0,0,0,,600,,
3,3,,0,0,0.333333,0.666667,0,0,0,0,0,0,,400,,
3,3,,0,0,0,1,0,0,0,0,0,0,,700,,
3,4,,0,0,0,0,0.428571,0,0,0.428571,0.142857,0,,1400,,
3,3,,0,0,0,0.913043,0,0.043478,0,0,0,0.043478,,800,,
3,3,,0,0,0,0.75,0,0,0,0,0,0.25,,700,,
3,3,,0,0,0,0.636364,0,0.090909,0,0.181818,0,0.090909,,500,,
3,5,,0,0,0,0,0,1,0,0,0,0,,600,,
3,3,,0,0.068966,0.034483,0.689655,0.034483,0.103448,0,0.034483,0,0.034483,,400,,
3,3,,0,0.095238,0,0.857143,0,0,0,0,0,0.047619,,600,,
3,6,,0,0,0,0.333333,0,0,0.666667,0,0,0,,600,,
3,3,,0,0,0,0.666667,0,0.333333,0,0,0,0,,800,,
3,3,,0,0.095238,0,0.857143,0,0,0,0,0,0.047619,,500,,
3,6,,0,0,0,0,0,0,0.5,0,0.5,0,,700,,
3,3,,0,0,0,0.8,0,0,0,0,0.2,0,,800,,
3,3,,0,0,0,0.913043,0,0.043478,0,0,0,0.043478,,600,,
3,9,,0,0,0,0,0,0,0,0,0,1,,1000,,
3,1,,0,0.352941,0.235294,0.176471,0,0.058824,0,0,0,0.176471,,600,,
3,5,,0,0,0,0,0,1,0,0,0,0,,800,,
3,3,,0,0,0,0.5,0,0,0,0.166667,0.166667,0.166667,,600,,
3,3,,0,0,0,0.636364,0,0.090909,0,0.181818,0,0.090909,,400,,
3,0,,0.5,0,0,0,0,0.5,0,0,0,0,,900,,
3,3,,0,0,0,0.916667,0,0,0,0,0,0.083333,,700,,
3,3,,0,0,0,1,0,0,0,0,0,0,,400,,
3,3,,0,0,0,1,0,0,0,0,0,0,,800,,
3,3,,0,0,0,1,0,0,0,0,0,0,,500,,
3,3,,0,0,0,0.913043,0,0.043478,0,0,0,0.043478,,500,,
3,5,,0.166667,0,0,0.166667,0,0.333333,0,0,0.166667,0.166667,,300,,
3,3,,0,0,0,1,0,0,0,0,0,0,,800,,
3,5,,0,0,0,0,0,1,0,0,0,0,,500,,
3,3,,0,0.078947,0,0.710526,0,0,0,0.052632,0,0.157895,,500,,
3,1,,0,0.681818,0,0,0,0,0,0,0.318182,0,,700,,
3,3,,0,0,0.142857,0.857143,0,0,0,0,0,0,,500,,
3,3,,0,0,0,1,0,0,0,0,0,0,,700,,
3,5,,0.166667,0,0,0.166667,0,0.333333,0,0,0.166667,0.166667,,300,,
3,3,,0,0,0,0.666667,0,0,0,0,0,0.333333,,500,,
3,3,,0,0.039216,0,0.901961,0,0,0,0,0,0.058824,,500,,
3,3,,0,0.039216,0,0.901961,0,0,0,0,0,0.058824,,500,,
3,1,,0,0.5,0.5,0,0,0,0,0,0,0,,400,,
3,3,,0,0.078947,0,0.710526,0,0,0,0.052632,0,0.157895,,400,,
3,3,,0,0,0,0.913043,0,0.043478,0,0,0,0.043478,,500,,
3,3,,0,0,0,0.913043,0,0.043478,0,0,0,0.043478,,500,,
3,9,,0,0,0,0,0,0,0,0,0,1,,400,,
3,4,,0,0,0,0,1,0,0,0,0,0,,600,,
3,3,,0,0,0,0.913043,0,0.043478,0,0,0,0.043478,,700,,
3,3,,0,0,0,0.913043,0,0.043478,0,0,0,0.043478,,600,,
3,5,,0,0,0.2,0.2,0,0.6,0,0,0,0,,600,,
3,2,,0,0,1,0,0,0,0,0,0,0,,600,,
3,3,,0,0.039216,0,0.901961,0,0,0,0,0,0.058824,,600,,
3,1,,0,1,0,0,0,0,0,0,0,0,,400,,
3,9,,0,0,0,0,0,0,0,0,0,1,,400,,
3,3,,0,0.039216,0,0.901961,0,0,0,0,0,0.058824,,500,,
3,9,,0,0,0,0,0,0,0,0,0,1,,800,,
3,7,,0,0.125,0,0,0,0.125,0.125,0.5,0,0.125,,400,,
3,9,,0,0,0,0.333333,0,0,0,0,0,0.666667,,800,,
3,3,,0,0.068966,0.034483,0.689655,0.034483,0.103448,0,0.034483,0,0.034483,,400,,
3,1,,0,1,0,0,0,0,0,0,0,0,,600,,
3,3,,0,0.078947,0,0.710526,0,0,0,0.052632,0,0.157895,,400,,
3,6,,0,0,0,0,0,0,1,0,0,0,,400,,
3,3,,0,0,0,0.846154,0.076923,0,0,0,0,0.076923,,500,,
3,8,,0,0,0,0,0,0,0,0,1,0,,1100,,
3,1,,0,1,0,0,0,0,0,0,0,0,,400,,
3,3,,0,0,0,1,0,0,0,0,0,0,,700,,
3,3,,0,0.039216,0,0.901961,0,0,0,0,0,0.058824,,500,,
3,3,,0,0.039216,0,0.901961,0,0,0,0,0,0.058824,,600,,
3,3,,0,0,0,0.916667,0,0,0,0,0,0.083333,,500,,
3,3,,0,0.095238,0,0.857143,0,0,0,0,0,0.047619,,500,,
3,7,,0,0.125,0,0,0,0.125,0.125,0.5,0,0.125,,300,,
3,3,,0,0,0,0.636364,0,0.090909,0,0.181818,0,0.090909,,400,,
3,2,,0,0,0.5,0,0,0,0,0,0.5,0,,800,,
3,3,,0,0.095238,0,0.857143,0,0,0,0,0,0.047619,,400,,
3,3,,0,0,0,0.913043,0,0.043478,0,0,0,0.043478,,500,,
3,1,,0,0.5,0.5,0,0,0,0,0,0,0,,300,,
3,3,,0,0,0,0.916667,0,0,0,0,0,0.083333,,500,,
3,3,,0,0,0,0.913043,0,0.043478,0,0,0,0.043478,,500,,
3,3,,0,0.039216,0,0.901961,0,0,0,0,0,0.058824,,500,,
3,3,,0,0,0,0.916667,0,0,0,0,0,0.083333,,500,,
3,3,,0,0,0,0.913043,0,0.043478,0,0,0,0.043478,,500,,
3,3,,0,0,0.052632,0.947368,0,0,0,0,0,0,,500,,
3,3,,0,0.078947,0,0.710526,0,0,0,0.052632,0,0.157895,,400,,
3,5,,0,0,0,0.125,0,0.375,0,0,0.375,0.125,,1100,,
3,2,,0,0,0.5,0,0,0,0,0,0,0.5,,1300,,
3,3,,0,0.039216,0,0.901961,0,0,0,0,0,0.058824,,500,,
3,1,,0,0.928571,0,0,0,0,0,0,0.071429,0,,500,,
3,3,,0,0.095238,0,0.857143,0,0,0,0,0,0.047619,,400,,
3,9,,0,0.068966,0.137931,0.137931,0,0,0,0.068966,0,0.586207,,300,,
3,3,,0,0.039216,0,0.901961,0,0,0,0,0,0.058824,,500,,
3,9,,0,0,0,0.3,0,0.3,0,0,0,0.4,,700,,
3,5,,0,0,0,0,0,1,0,0,0,0,,500,,
3,7,,0,0.076923,0,0.230769,0.076923,0.076923,0,0.461538,0,0.076923,,900,,
3,3,,0,0.039216,0,0.901961,0,0,0,0,0,0.058824,,600,,
3,3,,0,0,0.052632,0.947368,0,0,0,0,0,0,,400,,
3,3,,0,0,0,1,0,0,0,0,0,0,,700,,
3,3,,0,0,0.2,0.8,0,0,0,0,0,0,,300,,
3,3,,0,0.166667,0,0.666667,0,0.166667,0,0,0,0,,600,,
4,9,,0,0,0,0,0.4,0,0,0,0,0.6,,1100,,
4,4,,0,0,0,0,0.913043,0,0,0.086957,0,0,,800,,
4,4,,0,0,0,0,0.675676,0,0,0.135135,0,0.189189,,1000,,
4,9,,0,0,0,0,0.285714,0,0,0,0,0.714286,,400,,
4,4,,0,0,0.25,0,0.75,0,0,0,0,0,,600,,
4,4,,0,0,0,0,0.666667,0,0,0.333333,0,0,,600,,
4,4,,0,0,0,0,0.913043,0,0,0.086957,0,0,,300,,
4,4,,0,0,0,0,1,0,0,0,0,0,,1000,,
4,7,,0,0,0,0,0,0,0,1,0,0,,200,,
4,4,,0,0,0,0,1,0,0,0,0,0,,1400,,
4,4,,0,0,0,0,1,0,0,0,0,0,,900,,
4,4,,0,0,0,0,0.727273,0,0,0.090909,0,0.181818,,700,,
4,4,,0,0,0.066667,0,0.8,0,0.133333,0,0,0,,500,,
4,5,,0,0.26087,0,0.043478,0.086957,0.434783,0,0.130435,0,0.043478,,1000,,
4,4,,0,0,0,0,1,0,0,0,0,0,,800,,
4,4,,0,0,0,0,1,0,0,0,0,0,,800,,
4,7,,0.027778,0.083333,0,0.027778,0.333333,0,0.027778,0.388889,0.055556,0.055556,,700,,
4,5,,0,0.333333,0,0,0,0.666667,0,0,0,0,,600,,
4,4,,0,0,0,0,0.875,0,0,0.041667,0,0.083333,,600,,
4,4,,0,0,0,0,1,0,0,0,0,0,,300,,
4,1,,0,1,0,0,0,0,0,0,0,0,,300,,
4,0,,0.939394,0,0,0,0.060606,0,0,0,0,0,,300,,
4,4,,0.135135,0,0.013514,0,0.310811,0.013514,0,0.310811,0,0.216216,,700,,
4,2,,0,0,0.333333,0,0,0,0,0.333333,0.333333,0,,800,,
4,4,,0,0,0,0,1,0,0,0,0,0,,600,,
4,4,,0,0,0,0,1,0,0,0,0,0,,900,,
4,9,,0,0,0,0,0,0,0,0,0,1,,700,,
4,4,,0,0,0,0,1,0,0,0,0,0,,700,,
4,4,,0,0,0,0,0.666667,0,0,0,0,0.333333,,1100,,
4,1,,0,0.333333,0,0.166667,0,0,0,0.333333,0,0.166667,,1200,,
4,0,,0.5,0,0,0,0,0,0,0.5,0,0,,400,,
4,7,,0,0,0,0,0,0,0,1,0,0,,600,,
4,7,,0,0,0,0,0,0,0,1,0,0,,600,,
4,7,,0.027778,0.083333,0,0.027778,0.333333,0,0.027778,0.388889,0.055556,0.055556,,600,,
4,4,,0,0,0,0,1,0,0,0,0,0,,600,,
4,5,,0,0.26087,0,0.043478,0.086957,0.434783,0,0.130435,0,0.043478,,600,,
4,0,,0.928058,0,0.007194,0,0.057554,0,0,0,0,0.007194,,500,,
4,4,,0,0,0,0,1,0,0,0,0,0,,400,,
4,4,,0,0,0,0,0.857143,0,0,0.142857,0,0,,400,,
4,0,,1,0,0,0,0,0,0,0,0,0,,300,,
4,9,,0,0,0,0,0.333333,0.111111,0,0,0,0.555556,,400,,
4,6,,0.142857,0,0,0.142857,0,0,0.285714,0.142857,0.285714,0,,1000,,
4,8,,0,0,0,0,0.333333,0,0,0,0.666667,0,,600,,
4,4,,0,0,0,0,0.875,0,0,0.041667,0,0.083333,,400,,
4,4,,0,0,0,0,0.857143,0,0,0.142857,0,0,,400,,
4,2,,0,0,0.333333,0,0,0,0,0.333333,0.333333,0,,400,,
4,1,,0,0.333333,0.166667,0,0.333333,0,0,0.166667,0,0,,700,,
4,7,,0,0,0,0,0.096774,0,0,0.870968,0,0.032258,,700,,
4,4,,0,0,0,0,0.75,0,0,0.25,0,0,,300,,
4,4,,0,0,0,0,0.923077,0,0,0.038462,0,0.038462,,600,,
4,7,,0,0,0,0,0,0,0,0.5,0.5,0,,900,,
4,1,,0,0.666667,0,0,0.333333,0,0,0,0,0,,1100,,
4,9,,0,0,0,0,0.285714,0,0,0,0,0.714286,,600,,
4,8,,0,0,0,0,0,0,0,0.4,0.6,0,,1000,,
4,7,,0,0,0,0,0,0,0,1,0,0,,800,,
4,7,,0,0,0,0,0,0,0,1,0,0,,900,,
4,7,,0,0,0,0,0,0,0,1,0,0,,300,,
4,4,,0,0,0,0,1,0,0,0,0,0,,400,,
4,9,,0,0,0,0,0.05,0,0,0.3,0,0.65,,400,,
4,4,,0.166667,0,0,0,0.5,0,0,0.333333,0,0,,300,,
4,9,,0,0,0,0,0.333333,0.111111,0,0,0,0.555556,,400,,
4,4,,0,0,0,0,1,0,0,0,0,0,,300,,
4,8,,0,0,0,0.1,0,0,0.3,0,0.6,0,,1100,,
4,7,,0,0,0,0,0,0,0,0.5,0.5,0,,600,,
4,4,,0,0,0,0,1,0,0,0,0,0,,1000,,
4,8,,0,0,0,0,0,0,0,0,1,0,,200,,
4,4,,0,0,0,0,0.857143,0,0,0.142857,0,0,,300,,
4,4,,0,0,0,0,0.923077,0,0,0.038462,0,0.038462,,500,,
4,3,,0,0,0,1,0,0,0,0,0,0,,400,,
4,1,,0,0.5,0,0,0,0,0,0,0,0.5,,600,,
4,8,,0,0.265625,0.171875,0.03125,0.046875,0.03125,0.046875,0.09375,0.3125,0,,400,,
4,6,,0,0,0,0,0.119048,0,0.880952,0,0,0,,500,,
4,4,,0,0,0,0,1,0,0,0,0,0,,1000,,
4,4,,0,0,0,0,0.923077,0,0,0.038462,0,0.038462,,300,,
4,4,,0,0,0,0,1,0,0,0,0,0,,300,,
4,9,,0,0,0,0,0.05,0,0,0.3,0,0.65,,600,,
4,3,,0,0,0,1,0,0,0,0,0,0,,300,,
4,7,,0,0,0,0,0,0,0,0.5,0,0.5,,1400,,
4,7,,0,0,0,0,0.096774,0,0,0.870968,0,0.032258,,300,,
4,9,,0,0,0,0,0,0,0,0,0,1,,500,,
4,7,,0,0,0,0,0,0,0,1,0,0,,1000,,
4,7,,0,0.030303,0.030303,0,0.333333,0,0,0.393939,0.212121,0,,600,,
4,4,,0,0,0,0,0.5,0,0,0.5,0,0,,900,,
4,4,,0,0,0,0,0.8,0,0,0.2,0,0,,400,,
4,7,,0,0,0,0,0.1875,0,0,0.75,0.0625,0,,300,,
4,7,,0,0,0,0,0.1875,0,0,0.75,0.0625,0,,500,,
4,6,,0,0.030418,0,0,0.079848,0,0.889734,0,0,0,,500,,
4,4,,0,0,0,0,0.913043,0,0,0.086957,0,0,,300,,
4,9,,0,0,0,0,0.333333,0.111111,0,0,0,0.555556,,500,,
4,4,,0,0,0,0,1,0,0,0,0,0,,300,,
4,7,,0,0,0,0,0,0,0,1,0,0,,800,,
4,4,,0,0,0,0,1,0,0,0,0,0,,400,,
4,6,,0,0.030418,0,0,0.079848,0,0.889734,0,0,0,,500,,
4,4,,0,0,0,0,0.875,0,0,0.041667,0,0.083333,,300,,
4,1,,0,1,0,0,0,0,0,0,0,0,,400,,
4,6,,0,0.030418,0,0,0.079848,0,0.889734,0,0,0,,600,,
4,7,,0,0,0,0,0,0,0,0.5,0.5,0,,1000,,
4,5,,0,0,0,0,0,0.666667,0,0,0,0.333333,,600,,
4,4,,0,0,0,0,1,0,0,0,0,0,,400,,
4,4,,0,0,0,0,1,0,0,0,0,0,,900,,
4,9,,0,0,0,0,0,0,0,0,0,1,,300,,
4,1,,0,1,0,0,0,0,0,0,0,0,,1000,,
4,4,,0,0,0,0,1,0,0,0,0,0,,500,,
4,4,,0,0,0,0,0.5,0,0,0,0.5,0,,500,,
4,9,,0,0,0,0,0,0,0,0,0,1,,300,,
4,3,,0,0,0,1,0,0,0,0,0,0,,800,,
4,0,,0.939394,0,0,0,0.060606,0,0,0,0,0,,400,,
4,4,,0,0,0,0,0.923077,0,0,0.038462,0,0.038462,,500,,
4,4,,0,0,0,0,1,0,0,0,0,0,,300,,
4,5,,0,0.3,0,0.2,0,0.4,0,0.1,0,0,,700,,
4,4,,0,0,0,0,0.857143,0,0,0.142857,0,0,,200,,
4,4,,0,0,0,0,0.488372,0,0,0.488372,0,0.023256,,500,,
4,4,,0,0,0,0,0.875,0,0,0.041667,0,0.083333,,500,,
4,2,,0,0,0.75,0,0,0,0.25,0,0,0,,400,,
5,9,,0.013889,0.069444,0,0.013889,0.013889,0.013889,0,0,0,0.875,,500,,
5,5,,0,0,0,0,0,1,0,0,0,0,,800,,
5,3,,0,0,0,0.5,0,0.5,0,0,0,0,,600,,
5,5,,0,0,0,0,0,1,0,0,0,0,,500,,
5,5,,0,0,0,0,0,1,0,0,0,0,,400,,
5,5,,0,0,0,0,0,1,0,0,0,0,,1000,,
5,5,,0,0,0,0,0,1,0,0,0,0,,700,,
5,5,,0,0,0,0,0,1,0,0,0,0,,500,,
5,5,,0,0,0,0,0,1,0,0,0,0,,500,,
5,5,,0,0,0,0,0,1,0,0,0,0,,800,,
5,5,,0,0,0,0,0,1,0,0,0,0,,600,,
5,9,,0,0,0,0,0,0.4,0,0,0,0.6,,900,,
5,5,,0,0,0,0,0,1,0,0,0,0,,600,,
5,5,,0,0,0,0,0,1,0,0,0,0,,500,,
5,5,,0,0,0,0,0,1,0,0,0,0,,500,,
5,5,,0,0,0,0,0,1,0,0,0,0,,500,,
5,2,,0,0.142857,0.809524,0.047619,0,0,0,0,0,0,,400,,
5,5,,0,0,0,0,0,1,0,0,0,0,,400,,
5,5,,0,0,0,0,0,1,0,0,0,0,,600,,
5,5,,0,0,0,0,0,1,0,0,0,0,,600,,
5,5,,0,0,0,0,0,1,0,0,0,0,,1100,,
5,5,,0,0,0,0,0,1,0,0,0,0,,500,,
5,7,,0,0,0,0,0,0,0,0.666667,0,0.333333,,900,,
5,5,,0,0,0,0,0,1,0,0,0,0,,500,,
5,5,,0,0,0,0,0,1,0,0,0,0,,500,,
5,5,,0,0,0,0.052632,0,0.947368,0,0,0,0,,600,,
5,5,,0,0,0,0,0,1,0,0,0,0,,900,,
5,5,,0,0,0,0,0,1,0,0,0,0,,400,,
5,5,,0,0,0,0,0.333333,0.666667,0,0,0,0,,600,,
5,5,,0,0.117647,0,0.058824,0,0.823529,0,0,0,0,,500,,
5,5,,0,0,0,0,0,1,0,0,0,0,,300,,
5,5,,0,0,0,0,0,1,0,0,0,0,,500,,
5,7,,0,0.076923,0,0.230769,0.076923,0.076923,0,0.461538,0,0.076923,,700,,
5,5,,0,0,0,0,0,1,0,0,0,0,,500,,
5,7,,0,0,0,0,0,0,0,0.5,0.5,0,,400,,
5,3,,0,0.068966,0.034483,0.689655,0.034483,0.103448,0,0.034483,0,0.034483,,400,,
5,5,,0,0,0,0,0,1,0,0,0,0,,500,,
5,5,,0,0,0,0,0,1,0,0,0,0,,500,,
5,5,,0,0,0,0,0,1,0,0,0,0,,700,,
5,5,,0,0,0,0,0,1,0,0,0,0,,600,,
5,5,,0,0,0,0,0,1,0,0,0,0,,500,,
5,5,,0,0,0,0,0,1,0,0,0,0,,500,,
5,5,,0,0,0,0,0,1,0,0,0,0,,500,,
5,5,,0,0,0,0,0,1,0,0,0,0,,500,,
5,5,,0,0,0,0,0,1,0,0,0,0,,500,,
5,5,,0,0,0,0,0,1,0,0,0,0,,500,,
5,1,,0,0.333333,0,0,0.333333,0.333333,0,0,0,0,,300,,
5,5,,0,0,0,0,0,1,0,0,0,0,,500,,
5,5,,0,0,0,0,0,1,0,0,0,0,,600,,
5,5,,0,0,0,0,0,1,0,0,0,0,,500,,
5,5,,0,0,0,0,0,1,0,0,0,0,,800,,
5,5,,0,0,0,0,0,1,0,0,0,0,,700,,
5,5,,0,0,0,0,0,0.5,0,0,0,0.5,,900,,
5,5,,0,0,0,0,0,1,0,0,0,0,,500,,
5,3,,0,0,0.052632,0.947368,0,0,0,0,0,0,,400,,
5,3,,0,0,0,0.846154,0.076923,0,0,0,0,0.076923,,600,,
5,5,,0,0,0,0,0,1,0,0,0,0,,700,,
5,3,,0,0.333333,0,0.666667,0,0,0,0,0,0,,500,,
5,5,,0,0,0,0,0,1,0,0,0,0,,700,,
5,5,,0,0.117647,0,0.058824,0,0.823529,0,0,0,0,,400,,
5,8,,0,0,0,0,0,0.333333,0,0,0.666667,0,,900,,
5,5,,0,0,0,0,0,1,0,0,0,0,,500,,
5,5,,0,0,0,0.052632,0,0.947368,0,0,0,0,,600,,
5,5,,0,0,0,0,0,1,0,0,0,0,,400,,
5,5,,0,0,0,0,0,0.9,0,0.1,0,0,,800,,
5,5,,0,0,0,0.052632,0,0.947368,0,0,0,0,,600,,
5,5,,0,0,0,0,0,1,0,0,0,0,,500,,
5,5,,0,0,0,0,0,1,0,0,0,0,,600,,
5,5,,0,0,0,0,0,1,0,0,0,0,,500,,
5,5,,0,0,0,0,0,1,0,0,0,0,,600,,
5,3,,0,0.046875,0,0.78125,0,0.09375,0,0,0,0.078125,,900,,
5,3,,0,0,0,1,0,0,0,0,0,0,,1000,,
5,5,,0,0,0,0,0,1,0,0,0,0,,700,,
5,5,,0,0,0,0,0,1,0,0,0,0,,600,,
5,5,,0,0,0,0,0,0.5,0,0,0,0.5,,400,,
5,5,,0,0,0,0.052632,0,0.947368,0,0,0,0,,500,,
5,3,,0,0,0,0.666667,0,0.333333,0,0,0,0,,400,,
5,5,,0,0,0,0,0,1,0,0,0,0,,700,,
5,5,,0,0,0,0,0,1,0,0,0,0,,600,,
5,5,,0,0,0,0,0,1,0,0,0,0,,500,,
5,1,,0,0.909091,0,0,0,0,0,0,0,0.090909,,400,,
5,7,,0,0.076923,0,0.230769,0.076923,0.076923,0,0.461538,0,0.076923,,500,,
5,5,,0,0,0,0,0,0.666667,0,0,0,0.333333,,600,,
5,5,,0,0,0,0,0,1,0,0,0,0,,600,,
5,0,,0.533333,0,0,0,0,0.3,0,0,0,0.166667,,400,,
5,3,,0,0,0,1,0,0,0,0,0,0,,500,,
5,9,,0,0,0,0,0,0.4,0,0,0,0.6,,500,,
5,5,,0,0.117647,0,0.058824,0,0.823529,0,0,0,0,,600,,
5,5,,0,0,0,0.052632,0,0.947368,0,0,0,0,,500,,
5,5,,0,0,0,0,0,1,0,0,0,0,,600,,
5,5,,0,0,0,0,0,1,0,0,0,0,,500,,
5,5,,0,0,0,0,0,1,0,0,0,0,,500,,
5,5,,0,0,0,0,0,1,0,0,0,0,,500,,
5,5,,0,0,0,0,0,1,0,0,0,0,,500,,
5,5,,0,0,0,0,0,1,0,0,0,0,,500,,
5,5,,0,0,0,0,0,1,0,0,0,0,,1000,,
5,5,,0,0,0,0,0,0.5,0,0,0,0.5,,400,,
5,3,,0,0,0,0.647059,0,0.294118,0,0,0.058824,0,,800,,
5,5,,0,0,0,0,0,1,0,0,0,0,,800,,
5,1,,0,0.5,0,0,0,0,0,0,0,0.5,,800,,
5,1,,0,0.333333,0,0,0.333333,0.333333,0,0,0,0,,500,,
5,5,,0,0,0,0,0,1,0,0,0,0,,500,,
5,5,,0,0,0,0,0,1,0,0,0,0,,600,,
5,5,,0,0,0,0.052632,0,0.947368,0,0,0,0,,500,,
5,5,,0,0,0,0,0,0.5,0,0,0,0.5,,400,,
5,5,,0,0,0,0,0,1,0,0,0,0,,600,,
5,8,,0,0,0,0,0,0,0,0,1,0,,1000,,
5,7,,0,0.333333,0,0,0,0,0,0.666667,0,0,,500,,
5,9,,0,0,0,0,0,0,0,0,0,1,,400,,
5,5,,0,0,0,0,0,1,0,0,0,0,,500,,
5,5,,0,0,0,0,0,1,0,0,0,0,,500,,
5,5,,0,0,0,0,0,1,0,0,0,0,,600,,
6,6,,0,0.030418,0,0,0.079848,0,0.889734,0,0,0,,500,,
6,6,,0,0,0,0,0,0,1,0,0,0,,1300,,
6,6,,0,0.030418,0,0,0.079848,0,0.889734,0,0,0,,500,,
6,6,,0,0,0,0,0,0,1,0,0,0,,600,,
6,6,,0,0.030418,0,0,0.079848,0,0.889734,0,0,0,,400,,
6,6,,0,0.030418,0,0,0.079848,0,0.889734,0,0,0,,400,,
6,6,,0,0,0,0,0.119048,0,0.880952,0,0,0,,500,,
6,6,,0,0.030418,0,0,0.079848,0,0.889734,0,0,0,,400,,
6,6,,0,0.030418,0,0,0.079848,0,0.889734,0,0,0,,500,,
6,6,,0,0.030418,0,0,0.079848,0,0.889734,0,0,0,,700,,
6,8,,0,0,0,0,0,0,0,0.333333,0.666667,0,,1100,,
6,7,,0,0,0,0,0,0,0,0.5,0.5,0,,800,,
6,6,,0,0.030418,0,0,0.079848,0,0.889734,0,0,0,,400,,
6,6,,0,0.030418,0,0,0.079848,0,0.889734,0,0,0,,500,,
6,6,,0,0,0,0,0,0,0.8,0,0.2,0,,300,,
6,6,,0,0.011628,0.011628,0,0.034884,0,0.930233,0,0.011628,0,,900,,
6,6,,0,0.030418,0,0,0.079848,0,0.889734,0,0,0,,500,,
6,6,,0,0.030418,0,0,0.079848,0,0.889734,0,0,0,,500,,
6,8,,0,0.166667,0,0,0,0,0.333333,0,0.5,0,,1200,,
6,6,,0,0.030418,0,0,0.079848,0,0.889734,0,0,0,,400,,
6,6,,0,0.030418,0,0,0.079848,0,0.889734,0,0,0,,500,,
6,6,,0,0.030418,0,0,0.079848,0,0.889734,0,0,0,,400,,
6,6,,0,0.030418,0,0,0.079848,0,0.889734,0,0,0,,500,,
6,6,,0,0.011628,0.011628,0,0.034884,0,0.930233,0,0.011628,0,,400,,
6,6,,0,0,0,0,0,0,1,0,0,0,,1200,,
6,6,,0,0,0,0.333333,0,0,0.666667,0,0,0,,400,,
6,6,,0,0.25,0,0,0,0.25,0.5,0,0,0,,800,,
6,6,,0,0.030418,0,0,0.079848,0,0.889734,0,0,0,,600,,
6,6,,0,0,0,0,0.119048,0,0.880952,0,0,0,,500,,
6,6,,0,0.030418,0,0,0.079848,0,0.889734,0,0,0,,700,,
6,6,,0,0.011628,0.011628,0,0.034884,0,0.930233,0,0.011628,0,,400,,
6,6,,0,0,0,0,0.119048,0,0.880952,0,0,0,,500,,
6,8,,0,0.108911,0.188119,0.009901,0.039604,0.009901,0.19802,0.039604,0.405941,0,,700,,
6,6,,0,0.030418,0,0,0.079848,0,0.889734,0,0,0,,400,,
6,6,,0,0.011628,0.011628,0,0.034884,0,0.930233,0,0.011628,0,,400,,
6,8,,0,0,0,0,0,0,0.333333,0,0.666667,0,,900,,
6,8,,0,0.108911,0.188119,0.009901,0.039604,0.009901,0.19802,0.039604,0.405941,0,,300,,
6,6,,0,0.030418,0,0,0.079848,0,0.889734,0,0,0,,400,,
6,6,,0,0.030418,0,0,0.079848,0,0.889734,0,0,0,,400,,
6,4,,0.066667,0,0.033333,0,0.4,0,0.2,0.1,0.2,0,,600,,
6,6,,0,0,0,0,0.119048,0,0.880952,0,0,0,,400,,
6,6,,0,0,0,0,0.119048,0,0.880952,0,0,0,,500,,
6,6,,0,0.030418,0,0,0.079848,0,0.889734,0,0,0,,500,,
6,6,,0,0.011628,0.011628,0,0.034884,0,0.930233,0,0.011628,0,,400,,
6,6,,0,0.030418,0,0,0.079848,0,0.889734,0,0,0,,400,,
6,6,,0,0.030418,0,0,0.079848,0,0.889734,0,0,0,,400,,
6,6,,0,0.2,0,0,0,0.2,0.6,0,0,0,,400,,
6,6,,0,0.030418,0,0,0.079848,0,0.889734,0,0,0,,400,,
6,4,,0,0,0.333333,0,0.666667,0,0,0,0,0,,800,,
6,6,,0,0.030418,0,0,0.079848,0,0.889734,0,0,0,,400,,
6,4,,0,0,0,0,1,0,0,0,0,0,,600,,
6,6,,0,0,0,0,0.119048,0,0.880952,0,0,0,,400,,
6,6,,0,0,0,0,0.119048,0,0.880952,0,0,0,,500,,
6,6,,0,0.2,0,0,0,0.2,0.6,0,0,0,,400,,
6,6,,0,0.030418,0,0,0.079848,0,0.889734,0,0,0,,500,,
6,6,,0,0.030418,0,0,0.079848,0,0.889734,0,0,0,,800,,
6,8,,0,0,0,0,0,0,0,0,1,0,,800,,
6,6,,0,0.030418,0,0,0.079848,0,0.889734,0,0,0,,500,,
6,5,,0,0,0,0,0,0.5,0,0,0,0.5,,300,,
6,6,,0,0.030418,0,0,0.079848,0,0.889734,0,0,0,,400,,
6,8,,0,0,0,0,0,0,0,0,1,0,,800,,
6,1,,0,0.681818,0,0,0,0,0,0,0.318182,0,,1100,,
6,6,,0,0.030418,0,0,0.079848,0,0.889734,0,0,0,,500,,
6,6,,0,0.030418,0,0,0.079848,0,0.889734,0,0,0,,500,,
6,6,,0,0.030418,0,0,0.079848,0,0.889734,0,0,0,,400,,
6,6,,0,0.030418,0,0,0.079848,0,0.889734,0,0,0,,600,,
6,6,,0,0.030418,0,0,0.079848,0,0.889734,0,0,0,,400,,
6,6,,0,0.030418,0,0,0.079848,0,0.889734,0,0,0,,400,,
6,6,,0,0.030418,0,0,0.079848,0,0.889734,0,0,0,,400,,
6,9,,0.333333,0,0,0,0,0,0,0,0,0.666667,,200,,
6,6,,0,0.030418,0,0,0.079848,0,0.889734,0,0,0,,400,,
6,6,,0,0.030418,0,0,0.079848,0,0.889734,0,0,0,,500,,
6,6,,0,0,0,0,0,0,1,0,0,0,,500,,
6,6,,0,0,0,0.333333,0,0,0.666667,0,0,0,,400,,
6,6,,0,0,0,0,0.119048,0,0.880952,0,0,0,,500,,
6,6,,0,0.011628,0.011628,0,0.034884,0,0.930233,0,0.011628,0,,500,,
6,6,,0,0,0,0,0.119048,0,0.880952,0,0,0,,400,,
6,6,,0,0.030418,0,0,0.079848,0,0.889734,0,0,0,,500,,
6,6,,0,0,0,0,0.119048,0,0.880952,0,0,0,,400,,
6,6,,0,0.030418,0,0,0.079848,0,0.889734,0,0,0,,400,,
6,6,,0,0.030418,0,0,0.079848,0,0.889734,0,0,0,,400,,
6,6,,0,0.030418,0,0,0.079848,0,0.889734,0,0,0,,400,,
6,6,,0,0,0,0,0,0,1,0,0,0,,400,,
6,6,,0,0.030418,0,0,0.079848,0,0.889734,0,0,0,,500,,
6,6,,0,0,0,0,0.119048,0,0.880952,0,0,0,,500,,
6,6,,0,0.030418,0,0,0.079848,0,0.889734,0,0,0,,400,,
6,6,,0,0,0,0,0.119048,0,0.880952,0,0,0,,400,,
6,6,,0,0.030418,0,0,0.079848,0,0.889734,0,0,0,,500,,
6,6,,0,0.011628,0.011628,0,0.034884,0,0.930233,0,0.011628,0,,400,,
6,6,,0,0.030418,0,0,0.079848,0,0.889734,0,0,0,,400,,
6,2,,0,0,0.5,0,0,0,0,0,0.5,0,,600,,
6,6,,0,0.011628,0.011628,0,0.034884,0,0.930233,0,0.011628,0,,400,,
6,7,,0,0,0,0,0,0,0,1,0,0,,1200,,
6,6,,0,0.011628,0.011628,0,0.034884,0,0.930233,0,0.011628,0,,500,,
6,6,,0,0,0,0,0.119048,0,0.880952,0,0,0,,500,,
6,6,,0,0.2,0,0,0,0.2,0.6,0,0,0,,300,,
6,6,,0,0.030418,0,0,0.079848,0,0.889734,0,0,0,,500,,
6,6,,0,0.030418,0,0,0.079848,0,0.889734,0,0,0,,400,,
6,6,,0,0,0,0,0.119048,0,0.880952,0,0,0,,400,,
6,6,,0,0.011628,0.011628,0,0.034884,0,0.930233,0,0.011628,0,,400,,
6,6,,0,0,0,0,0,0,1,0,0,0,,300,,
6,6,,0,0.030418,0,0,0.079848,0,0.889734,0,0,0,,400,,
6,6,,0,0.030418,0,0,0.079848,0,0.889734,0,0,0,,400,,
6,6,,0,0,0,0,0.119048,0,0.880952,0,0,0,,500,,
6,6,,0,0.030418,0,0,0.079848,0,0.889734,0,0,0,,400,,
6,6,,0,0.011628,0.011628,0,0.034884,0,0.930233,0,0.011628,0,,500,,
6,6,,0,0.030418,0,0,0.079848,0,0.889734,0,0,0,,500,,
6,6,,0,0.030418,0,0,0.079848,0,0.889734,0,0,0,,500,,
6,6,,0,0.030418,0,0,0.079848,0,0.889734,0,0,0,,400,,
6,4,,0,0,0.066667,0,0.8,0,0.133333,0,0,0,,400,,
6,6,,0,0.030418,0,0,0.079848,0,0.889734,0,0,0,,400,,
6,6,,0,0.030418,0,0,0.079848,0,0.889734,0,0,0,,700,,
7,2,,0,0.185185,0.592593,0.037037,0,0.074074,0,0,0.111111,0,,400,,
7,7,,0,0,0,0,0.1875,0,0,0.75,0.0625,0,,300,,
7,3,,0,0,0,1,0,0,0,0,0,0,,800,,
7,7,,0,0,0,0,0,0,0,0.4,0.2,0.4,,800,,
7,8,,0,0.076923,0,0,0.307692,0,0,0.230769,0.384615,0,,900,,
7,7,,0,0,0,0,0.096774,0,0,0.870968,0,0.032258,,300,,
7,9,,0,0,0,0,0,0,0,0,0,1,,600,,
7,7,,0,0,0,0,0,0,0,1,0,0,,600,,
7,7,,0,0.166667,0.166667,0.166667,0,0.166667,0,0.333333,0,0,,700,,
7,7,,0,0,0,0,0,0,0,1,0,0,,300,,
7,7,,0,0,0.022222,0,0.133333,0.022222,0,0.466667,0,0.355556,,700,,
7,7,,0,0,0,0,0,0,0,0.5,0,0.5,,400,,
7,8,,0,0,0,0,0,0,0,0.333333,0.666667,0,,400,,
7,7,,0,0,0,0,0,0,0,0.666667,0,0.333333,,300,,
7,7,,0,0,0,0,0,0,0,1,0,0,,300,,
7,5,,0,0,0,0.030303,0,0.818182,0,0.121212,0,0.030303,,800,,
7,7,,0,0,0,0,0.125,0,0,0.5,0.125,0.25,,1000,,
7,7,,0,0,0.25,0,0.25,0,0,0.5,0,0,,700,,
7,7,,0,0,0,0,0,0,0,1,0,0,,400,,
7,1,,0,0.5,0,0,0,0.5,0,0,0,0,,800,,
7,4,,0,0,0.333333,0,0.666667,0,0,0,0,0,,400,,
7,7,,0,0,0,0,0.391304,0,0,0.565217,0,0.043478,,800,,
7,4,,0,0,0,0,0.488372,0,0,0.488372,0,0.023256,,500,,
7,7,,0,0,0,0,0,0,0,1,0,0,,400,,
7,7,,0,0,0,0,0.333333,0,0,0.666667,0,0,,600,,
7,7,,0,0,0,0,0,0,0,1,0,0,,900,,
7,7,,0,0,0,0,0.096774,0,0,0.870968,0,0.032258,,400,,
7,8,,0,0.25,0,0,0,0,0,0.25,0.5,0,,300,,
7,7,,0,0,0,0,0.096774,0,0,0.870968,0,0.032258,,400,,
7,7,,0,0,0,0,0.096774,0,0,0.870968,0,0.032258,,300,,
7,4,,0.295455,0,0,0,0.409091,0,0,0.204545,0,0.090909,,600,,
7,2,,0,0.030303,0.666667,0.151515,0,0,0,0.060606,0.090909,0,,700,,
7,1,,0,0.25,0.25,0,0.25,0,0,0,0.25,0,,500,,
7,4,,0,0.1875,0.0625,0,0.6875,0,0,0.0625,0,0,,300,,
7,2,,0,0,0.333333,0,0,0,0,0.333333,0.333333,0,,400,,
7,1,,0,1,0,0,0,0,0,0,0,0,,500,,
7,7,,0,0,0,0,0,0,0,1,0,0,,800,,
7,1,,0,1,0,0,0,0,0,0,0,0,,400,,
7,7,,0,0,0,0,0.1875,0,0,0.75,0.0625,0,,300,,
7,8,,0,0,0,0,0.166667,0,0.166667,0,0.666667,0,,300,,
7,7,,0,0,0,0,0,0,0,1,0,0,,1200,,
7,7,,0,0,0,0,0.1875,0,0,0.75,0.0625,0,,300,,
7,7,,0.142857,0,0,0,0.142857,0,0,0.428571,0.285714,0,,1500,,
7,5,,0,0.26087,0,0.043478,0.086957,0.434783,0,0.130435,0,0.043478,,600,,
7,3,,0,0,0,0.5,0,0,0,0,0,0.5,,900,,
7,7,,0,0,0,0,0,0,0,1,0,0,,300,,
7,7,,0,0,0,0,0.096774,0,0,0.870968,0,0.032258,,300,,
7,7,,0,0,0,0,0.071429,0,0,0.928571,0,0,,800,,
7,7,,0,0,0,0,0,0,0,1,0,0,,500,,
7,7,,0,0,0,0,0,0,0,1,0,0,,1000,,
7,7,,0,0,0,0,0.071429,0,0,0.928571,0,0,,500,,
7,9,,0,0,0,0,0,0,0,0,0,1,,600,,
7,7,,0,0,0,0,0.096774,0,0,0.870968,0,0.032258,,400,,
7,3,,0,0,0,0.375,0,0,0,0.125,0.125,0.375,,900,,
7,2,,0,0.195122,0.280488,0.097561,0.02439,0.146341,0,0.121951,0.121951,0.012195,,600,,
7,2,,0,0,0.5,0,0.5,0,0,0,0,0,,800,,
7,7,,0,0,0,0,0,0,0,1,0,0,,500,,
7,7,,0,0,0,0,0,0,0,1,0,0,,300,,
7,7,,0,0,0,0,0.2,0,0,0.8,0,0,,500,,
7,7,,0,0,0,0,0,0,0,1,0,0,,700,,
7,4,,0,0.1875,0.0625,0,0.6875,0,0,0.0625,0,0,,300,,
7,4,,0,0,0,0,0.75,0,0,0.25,0,0,,300,,
7,7,,0,0,0,0,0.096774,0,0,0.870968,0,0.032258,,400,,
7,8,,0,0,0,0,0.166667,0,0.166667,0,0.666667,0,,300,,
7,1,,0,1,0,0,0,0,0,0,0,0,,700,,
7,7,,0,0,0,0,0,0,0,0.75,0.125,0.125,,400,,
7,6,,0,0,0,0,0,0,1,0,0,0,,600,,
7,1,,0,0.5,0,0,0,0,0,0,0,0.5,,200,,
7,7,,0,0,0,0,0,0,0,1,0,0,,500,,
7,4,,0,0,0,0,1,0,0,0,0,0,,300,,
7,2,,0,0,0.333333,0,0.333333,0,0,0,0.333333,0,,400,,
7,3,,0,0,0,1,0,0,0,0,0,0,,700,,
7,7,,0,0,0,0,0,0,0,0.75,0,0.25,,500,,
7,7,,0,0,0,0,0,0,0,1,0,0,,300,,
7,7,,0,0.125,0,0,0,0.125,0.125,0.5,0,0.125,,400,,
7,7,,0,0,0,0,0,0,0,1,0,0,,700,,
7,7,,0,0.166667,0,0,0.333333,0,0,0.5,0,0,,800,,
7,7,,0,0,0,0,0,0,0,1,0,0,,500,,
7,7,,0,0,0,0,0,0,0,1,0,0,,500,,
7,1,,0,0.5,0,0,0,0.5,0,0,0,0,,600,,
7,1,,0,0.5,0,0,0.5,0,0,0,0,0,,800,,
7,7,,0,0,0,0,0.096774,0,0,0.870968,0,0.032258,,400,,
7,3,,0,0.078947,0,0.710526,0,0,0,0.052632,0,0.157895,,500,,
7,2,,0,0.043478,0.652174,0.217391,0,0,0,0.086957,0,0,,800,,
7,0,,1,0,0,0,0,0,0,0,0,0,,500,,
7,5,,0,0,0,0,0,1,0,0,0,0,,600,,
7,4,,0,0,0,0,1,0,0,0,0,0,,400,,
7,6,,0.142857,0,0,0.142857,0,0,0.285714,0.142857,0.285714,0,,500,,
7,8,,0,0.076923,0,0,0.307692,0,0,0.230769,0.384615,0,,400,,
7,0,,0.6,0,0,0,0.2,0,0,0.2,0,0,,800,,
7,7,,0,0,0,0,0,0,0,1,0,0,,500,,
7,7,,0,0.166667,0,0,0.333333,0,0,0.5,0,0,,400,,
7,7,,0,0,0,0,0,0,0,1,0,0,,600,,
7,7,,0.090909,0.090909,0,0,0,0,0,0.545455,0,0.272727,,600,,
7,7,,0,0,0,0,0,0,0,1,0,0,,500,,
7,7,,0,0,0,0,0,0,0,1,0,0,,400,,
7,7,,0,0,0,0,0.2,0,0,0.8,0,0,,400,,
7,7,,0,0,0,0,0.096774,0,0,0.870968,0,0.032258,,400,,
7,9,,0,0,0,0,0,0,0,0,0.333333,0.666667,,400,,
7,2,,0,0.051282,0.641026,0.128205,0,0.025641,0,0.051282,0.025641,0.076923,,500,,
7,4,,0,0,0,0,0.5,0,0,0,0,0.5,,500,,
7,5,,0,0,0,0,0,0.5,0,0,0,0.5,,800,,
7,7,,0,0,0,0,0,0,0,1,0,0,,200,,
7,2,,0,0.088235,0.852941,0,0,0,0,0.058824,0,0,,500,,
7,0,,0.333333,0,0,0,0.333333,0,0,0.333333,0,0,,700,,
7,8,,0,0.25,0,0,0,0.25,0,0,0.5,0,,400,,
7,4,,0.111111,0,0,0,0.333333,0,0,0.222222,0.333333,0,,1500,,
7,7,,0,0,0,0,0,0,0,1,0,0,,500,,
7,0,,0.5,0,0,0,0,0,0,0.5,0,0,,500,,
7,1,,0,1,0,0,0,0,0,0,0,0,,400,,
7,7,,0,0,0,0,0,0,0,1,0,0,,900,,
7,7,,0,0,0,0,0,0,0,1,0,0,,900,,
7,1,,0,1,0,0,0,0,0,0,0,0,,800,,
7,4,,0,0,0,0,1,0,0,0,0,0,,500,,
8,8,,0,0,0.25,0,0,0,0,0,0.75,0,,500,,
8,1,,0,0.333333,0.166667,0,0.333333,0,0,0.166667,0,0,,600,,
8,1,,0,0.5,0.5,0,0,0,0,0,0,0,,500,,
8,4,,0,0,0,0,1,0,0,0,0,0,,200,,
8,4,,0,0,0,0,1,0,0,0,0,0,,600,,
8,2,,0,0,0.4,0,0,0,0.2,0.2,0.2,0,,500,,
8,7,,0,0.166667,0.166667,0.166667,0,0.166667,0,0.333333,0,0,,400,,
8,7,,0,0.166667,0,0.166667,0,0,0,0.666667,0,0,,500,,
8,7,,0,0,0,0,0,0,0,0.5,0.5,0,,400,,
8,2,,0,0,1,0,0,0,0,0,0,0,,700,,
8,8,,0,0.142857,0,0,0,0,0,0,0.857143,0,,400,,
8,8,,0,0,0,0,0.2,0,0,0,0.8,0,,500,,
8,1,,0,0.6,0,0,0.4,0,0,0,0,0,,900,,
8,8,,0.125,0.125,0,0,0,0,0,0,0.75,0,,500,,
8,8,,0,0,0,0,0,0,0,0,1,0,,1200,,
8,7,,0,0.166667,0,0.166667,0.166667,0,0,0.5,0,0,,700,,
8,8,,0,0,0,0,0,0,0,0,1,0,,700,,
8,8,,0,0.2,0,0,0.2,0,0,0,0.6,0,,500,,
8,8,,0,0,0,0,0,0,0,0.142857,0.857143,0,,600,,
8,5,,0,0,0,0.030303,0,0.818182,0,0.121212,0,0.030303,,600,,
8,8,,0,0.142857,0,0,0,0,0,0,0.857143,0,,300,,
8,8,,0,0,0,0,0,0,0,0,1,0,,900,,
8,8,,0,0,0.090909,0,0,0,0,0,0.909091,0,,600,,
8,6,,0,0,0,0,0,0,0.8,0,0.2,0,,400,,
8,6,,0,0,0,0,0,0,0.5,0,0.5,0,,700,,
8,7,,0,0,0,0,0,0,0,1,0,0,,1000,,
8,8,,0,0,0.142857,0,0,0,0,0.142857,0.714286,0,,600,,
8,8,,0,0,0,0,0,0,0,0.142857,0.857143,0,,400,,
8,1,,0,1,0,0,0,0,0,0,0,0,,700,,
8,6,,0,0,0,0,0,0,0.5,0,0.5,0,,400,,
8,8,,0,0,0,0,0,0.333333,0,0,0.666667,0,,500,,
8,8,,0,0,0,0,0,0,0,0,1,0,,500,,
8,3,,0,0,0,1,0,0,0,0,0,0,,300,,
8,9,,0.166667,0,0,0,0.166667,0,0.166667,0.166667,0,0.333333,,600,,
8,8,,0,0,0,0,0,0,0,0,1,0,,400,,
8,2,,0,0,0.4,0.2,0,0,0,0,0.4,0,,400,,
8,7,,0,0.030303,0.030303,0,0.333333,0,0,0.393939,0.212121,0,,400,,
8,7,,0,0,0,0,0,0,0,1,0,0,,300,,
8,1,,0,0.8,0,0,0,0,0,0,0.2,0,,500,,
8,8,,0.090909,0.090909,0.090909,0,0,0,0,0.181818,0.545455,0,,800,,
8,8,,0,0,0.25,0,0,0,0,0,0.75,0,,400,,
8,0,,0.666667,0,0,0,0,0,0,0,0.333333,0,,400,,
8,2,,0,0,0.666667,0,0,0,0,0.333333,0,0,,700,,
8,4,,0,0,0,0,0.5,0,0,0,0,0.5,,500,,
8,7,,0,0.166667,0,0.166667,0,0,0,0.666667,0,0,,300,,
8,2,,0,0,1,0,0,0,0,0,0,0,,900,,
8,8,,0,0,0,0,0,0,0,0,1,0,,600,,
8,8,,0,0,0,0,0,0,0,0.111111,0.888889,0,,400,,
8,1,,0,0.714286,0,0,0,0,0,0,0.285714,0,,700,,
8,8,,0,0.265625,0.171875,0.03125,0.046875,0.03125,0.046875,0.09375,0.3125,0,,500,,
8,3,,0,0,0,0.5,0,0,0,0,0.5,0,,1100,,
8,8,,0,0,0,0,0,0,0,0,1,0,,400,,
8,7,,0,0.2,0,0.2,0,0,0,0.4,0.2,0,,1000,,
8,4,,0,0,0,0,0.5,0,0,0,0,0.5,,1000,,
8,8,,0,0.166667,0.166667,0,0,0,0,0,0.666667,0,,500,,
8,8,,0,0,0,0,0,0,0,0,1,0,,600,,
8,8,,0,0,0,0.1,0,0,0.3,0,0.6,0,,500,,
8,7,,0,0,0,0,0,0,0,0.5,0.5,0,,400,,
8,8,,0,0,0,0,0,0.25,0,0,0.75,0,,600,,
8,8,,0,0,0,0,0,0,0,0.166667,0.833333,0,,300,,
8,1,,0,1,0,0,0,0,0,0,0,0,,700,,
8,4,,0.066667,0,0.033333,0,0.4,0,0.2,0.1,0.2,0,,400,,
8,1,,0,1,0,0,0,0,0,0,0,0,,600,,
8,6,,0,0,0,0,0,0,0.5,0,0.5,0,,300,,
8,8,,0,0,0,0,0,0,0,0.166667,0.833333,0,,400,,
8,2,,0,0,0.5,0,0,0,0,0.5,0,0,,1000,,
8,1,,0,1,0,0,0,0,0,0,0,0,,1000,,
8,8,,0,0,0,0,0,0,0,0,1,0,,800,,
8,8,,0,0.166667,0,0,0,0,0,0,0.833333,0,,700,,
8,1,,0,1,0,0,0,0,0,0,0,0,,600,,
8,5,,0,0,0,0,0,0.5,0,0,0.5,0,,1400,,
8,8,,0.090909,0.090909,0.090909,0,0,0,0,0.181818,0.545455,0,,500,,
8,2,,0,0,0.5,0,0,0,0,0.5,0,0,,800,,
8,8,,0,0.272727,0,0,0,0,0,0,0.727273,0,,500,,
8,8,,0,0,0.090909,0,0,0,0,0,0.909091,0,,500,,
8,8,,0,0,0,0,0,0,0,0,1,0,,400,,
8,8,,0.008772,0.105263,0.096491,0,0.052632,0,0.324561,0.035088,0.377193,0,,300,,
8,9,,0,0,0,0,0,0,0,0,0,1,,1100,,
8,8,,0.181818,0,0.090909,0,0.181818,0,0.090909,0,0.454545,0,,500,,
8,8,,0,0,0.090909,0,0,0,0,0,0.909091,0,,400,,
8,2,,0,0,1,0,0,0,0,0,0,0,,900,,
8,4,,0,0,0.333333,0,0.666667,0,0,0,0,0,,400,,
8,8,,0,0.285714,0.142857,0,0.142857,0,0,0,0.428571,0,,800,,
8,2,,0,0,0.75,0,0,0,0.25,0,0,0,,600,,
8,1,,0,1,0,0,0,0,0,0,0,0,,600,,
8,8,,0,0.272727,0,0,0,0,0,0,0.727273,0,,400,,
8,8,,0.125,0.125,0,0,0,0,0,0,0.75,0,,300,,
8,5,,0,0,0,0.030303,0,0.818182,0,0.121212,0,0.030303,,600,,
8,5,,0,0,0,0,0,0.5,0,0,0.5,0,,800,,
8,2,,0,0,0.666667,0,0,0,0,0,0.333333,0,,700,,
8,8,,0,0,0,0,0,0,0,0,1,0,,700,,
8,8,,0,0.272727,0,0,0,0,0,0,0.727273,0,,400,,
8,1,,0,0.681818,0,0,0,0,0,0,0.318182,0,,600,,
8,6,,0,0,0,0,0,0,1,0,0,0,,400,,
8,2,,0,0.195122,0.280488,0.097561,0.02439,0.146341,0,0.121951,0.121951,0.012195,,400,,
8,8,,0,0.166667,0,0,0,0,0,0,0.833333,0,,500,,
8,2,,0,0,1,0,0,0,0,0,0,0,,800,,
8,7,,0,0,0,0,0,0,0,0.666667,0,0.333333,,300,,
8,0,,1,0,0,0,0,0,0,0,0,0,,500,,
8,8,,0,0,0.125,0,0,0,0.125,0,0.75,0,,400,,
8,8,,0,0,0.125,0,0,0,0.125,0,0.75,0,,300,,
8,8,,0,0,0,0,0,0,0,0,1,0,,400,,
8,3,,0,0,0.2,0.8,0,0,0,0,0,0,,400,,
8,6,,0,0,0,0,0,0,0.666667,0,0.333333,0,,400,,
8,6,,0,0.011628,0.011628,0,0.034884,0,0.930233,0,0.011628,0,,400,,
8,8,,0,0,0,0,0,0,0,0,1,0,,800,,
8,0,,0.666667,0,0,0,0,0,0,0,0.333333,0,,300,,
8,2,,0,0,0.4,0,0,0,0.2,0.2,0.2,0,,300,,
8,9,,0.333333,0,0,0,0,0,0,0,0,0.666667,,400,,
8,5,,0,0,0,0,0,0.5,0,0,0.5,0,,400,,
8,8,,0,0,0,0,0,0,0,0,1,0,,500,,
9,4,,0,0,0,0,1,0,0,0,0,0,,300,,
9,9,,0,0,0,0,0,0,0,0.2,0,0.8,,600,,
9,9,,0,0,0,0.166667,0,0,0,0.083333,0,0.75,,500,,
9,7,,0,0,0,0,0,0,0,1,0,0,,300,,
9,9,,0,0,0,0,0.333333,0.111111,0,0,0,0.555556,,400,,
9,9,,0,0,0,0,0,0,0,0,0,1,,700,,
9,9,,0,0,0,0,0,0,0,0,0,1,,1100,,
9,9,,0,0,0,0,0.181818,0,0,0.181818,0,0.636364,,400,,
9,9,,0,0,0,0,0,0,0,0,0,1,,400,,
9,4,,0,0,0,0,0.75,0,0,0.25,0,0,,200,,
9,7,,0,0,0,0,0,0,0,1,0,0,,600,,
9,1,,0,0.333333,0,0.333333,0,0.333333,0,0,0,0,,700,,
9,9,,0.013889,0.069444,0,0.013889,0.013889,0.013889,0,0,0,0.875,,400,,
9,4,,0,0,0,0,0.675676,0,0,0.135135,0,0.189189,,500,,
9,9,,0,0,0,0,0,0,0,0,0,1,,900,,
9,5,,0,0,0,0,0,1,0,0,0,0,,300,,
9,9,,0,0,0,0,0.285714,0,0,0,0,0.714286,,400,,
9,7,,0,0,0.022222,0,0.133333,0.022222,0,0.466667,0,0.355556,,500,,
9,7,,0,0,0,0,0,0,0,1,0,0,,700,,
9,3,,0,0,0.052632,0.947368,0,0,0,0,0,0,,500,,
9,0,,0.976,0,0,0,0.016,0,0,0,0,0.008,,300,,
9,9,,0,0,0,0,0,0,0,0,0,1,,600,,
9,5,,0,0,0,0,0,1,0,0,0,0,,800,,
9,9,,0,0,0,0.166667,0,0,0,0,0,0.833333,,500,,
9,3,,0,0.039216,0,0.901961,0,0,0,0,0,0.058824,,500,,
9,9,,0,0,0,0,0.333333,0,0,0,0,0.666667,,500,,
9,9,,0,0,0,0,0,0,0,0,0,1,,300,,
9,9,,0,0,0,0,0,0,0,0,0,1,,600,,
9,1,,0,1,0,0,0,0,0,0,0,0,,500,,
9,9,,0,0,0,0,0,0,0,0,0,1,,500,,
9,9,,0,0,0,0.285714,0,0.142857,0,0,0,0.571429,,600,,
9,2,,0,0.153846,0.692308,0.076923,0,0,0,0,0,0.076923,,600,,
9,7,,0.027778,0.083333,0,0.027778,0.333333,0,0.027778,0.388889,0.055556,0.055556,,400,,
9,9,,0,0.25,0,0,0,0,0,0,0,0.75,,300,,
9,1,,0,1,0,0,0,0,0,0,0,0,,600,,
9,5,,0,0,0,0,0,0.5,0,0,0,0.5,,300,,
9,9,,0,0,0,0,0.25,0,0,0.25,0,0.5,,400,,
9,9,,0.013889,0.069444,0,0.013889,0.013889,0.013889,0,0,0,0.875,,300,,
9,9,,0,0,0,0,0.333333,0,0,0,0,0.666667,,700,,
9,3,,0,0,0,0.5,0,0,0,0.5,0,0,,700,,
9,7,,0,0,0,0,0,0,0,1,0,0,,700,,
9,5,,0,0,0,0,0,0.5,0,0,0,0.5,,300,,
9,9,,0,0,0,0,0,0,0,0,0.333333,0.666667,,500,,
9,9,,0,0,0,0,0,0,0,0,0,1,,400,,
9,2,,0,0.2,0.8,0,0,0,0,0,0,0,,500,,
9,9,,0,0,0,0,0,0,0,0,0,1,,400,,
9,7,,0,0,0,0,0,0,0,0.5,0,0.5,,300,,
9,8,,0,0,0,0,0,0,0,0,1,0,,400,,
9,9,,0.013889,0.069444,0,0.013889,0.013889,0.013889,0,0,0,0.875,,300,,
9,4,,0,0,0,0,1,0,0,0,0,0,,300,,
9,9,,0.090909,0.272727,0,0.090909,0,0,0,0,0.090909,0.454545,,300,,
9,9,,0,0,0,0,0,0,0,0,0,1,,300,,
9,4,,0,0,0,0,0.75,0,0,0.25,0,0,,300,,
9,9,,0.090909,0.272727,0,0.090909,0,0,0,0,0.090909,0.454545,,300,,
9,9,,0,0,0,0,0.25,0,0,0,0,0.75,,400,,
9,7,,0,0,0,0,0.2,0,0,0.6,0,0.2,,400,,
9,9,,0,0,0,0,0,0,0.2,0,0,0.8,,800,,
9,3,,0,0.095238,0,0.857143,0,0,0,0,0,0.047619,,500,,
9,8,,0,0,0,0,0,0,0,0,1,0,,600,,
9,9,,0,0,0,0,0,0.4,0,0,0,0.6,,600,,
9,0,,0.533333,0,0,0,0,0.3,0,0,0,0.166667,,400,,
9,0,,0.333333,0,0,0,0,0,0,0.166667,0.166667,0.333333,,600,,
9,7,,0,0,0,0,0,0,0,1,0,0,,400,,
9,9,,0,0,0,0,0,0,0,0,0,1,,200,,
9,9,,0,0,0,0,0,0,0,0,0,1,,700,,
9,4,,0,0,0,0,1,0,0,0,0,0,,600,,
9,4,,0,0,0,0,0.25,0,0,0.25,0.25,0.25,,800,,
9,9,,0,0,0,0,0,0,0,0,0,1,,500,,
9,2,,0,0.153846,0.692308,0.076923,0,0,0,0,0,0.076923,,400,,
9,9,,0,0,0,0,0,0,0,0,0,1,,400,,
9,9,,0,0,0.25,0,0.25,0,0,0,0,0.5,,300,,
9,3,,0,0,0,0.913043,0,0.043478,0,0,0,0.043478,,600,,
9,4,,0,0,0,0,0.75,0,0,0.25,0,0,,300,,
9,3,,0,0.333333,0.083333,0.458333,0,0.083333,0,0,0,0.041667,,600,,
9,9,,0,0,0,0,0,0,0,0,0,1,,200,,
9,3,,0,0,0,1,0,0,0,0,0,0,,700,,
9,7,,0,0.166667,0,0.166667,0,0,0,0.666667,0,0,,300,,
9,9,,0,0,0,0,0,0,0,0,0,1,,200,,
9,9,,0,0,0,0,0,0,0,0.333333,0,0.666667,,600,,
9,9,,0.2,0,0,0.2,0,0,0,0,0,0.6,,700,,
9,9,,0.013889,0.069444,0,0.013889,0.013889,0.013889,0,0,0,0.875,,400,,
9,9,,0,0,0,0,0,0,0,0,0,1,,400,,
9,4,,0,0,0,0,0.6,0,0,0.342857,0,0.057143,,400,,
9,0,,1,0,0,0,0,0,0,0,0,0,,700,,
9,4,,0,0.25,0,0,0.5,0,0,0,0,0.25,,700,,
9,7,,0,0,0,0,0,0,0,0.666667,0,0.333333,,300,,
9,9,,0,0,0,0.166667,0,0,0,0,0,0.833333,,300,,
9,9,,0.090909,0.272727,0,0.090909,0,0,0,0,0.090909,0.454545,,400,,
9,0,,0.831325,0,0.012048,0,0.024096,0.060241,0,0,0,0.072289,,700,,
9,9,,0.013889,0.069444,0,0.013889,0.013889,0.013889,0,0,0,0.875,,400,,
9,7,,0,0,0.022222,0,0.133333,0.022222,0,0.466667,0,0.355556,,600,,
9,9,,0.090909,0.272727,0,0.090909,0,0,0,0,0.090909,0.454545,,300,,
9,4,,0,0,0,0,1,0,0,0,0,0,,400,,
9,5,,0,0,0,0,0,0.666667,0,0,0,0.333333,,300,,
9,9,,0.013889,0.069444,0,0.013889,0.013889,0.013889,0,0,0,0.875,,300,,
9,9,,0.013889,0.069444,0,0.013889,0.013889,0.013889,0,0,0,0.875,,400,,
9,0,,0.831325,0,0.012048,0,0.024096,0.060241,0,0,0,0.072289,,400,,
9,9,,0,0,0,0,0,0,0,0.25,0,0.75,,300,,
9,3,,0,0,0,1,0,0,0,0,0,0,,600,,
9,9,,0,0.068966,0.137931,0.137931,0,0,0,0.068966,0,0.586207,,400,,
9,4,,0,0,0,0,0.875,0,0,0.041667,0,0.083333,,300,,
9,9,,0.013889,0.069444,0,0.013889,0.013889,0.013889,0,0,0,0.875,,300,,
9,7,,0,0,0,0,0.2,0,0,0.6,0,0.2,,300,,
9,3,,0,0,0,1,0,0,0,0,0,0,,700,,
9,9,,0,0,0,0,0,0,0,0,0,1,,700,,
9,9,,0,0,0,0,0.25,0,0,0.25,0,0.5,,200,,
9,4,,0,0,0,0,0.75,0,0,0.25,0,0,,200,,
9,3,,0,0,0,0.647059,0,0.294118,0,0,0.058824,0,,500,,
9,4,,0,0,0,0,0.675676,0,0,0.135135,0,0.189189,,400,,
9,9,,0.013889,0.069444,0,0.013889,0.013889,0.013889,0,0,0,0.875,,300,,
9,0,,0.666667,0,0,0,0,0,0,0,0,0.333333,,400,,
9,9,,0.013889,0.069444,0,0.013889,0.013889,0.013889,0,0,0,0.875,,300,,
9,5,,0,0,0,0,0,1,0,0,0,0,,1300,,